,Unnamed: 0,사고번호,사고일시,요일,시군구,사고내용,사망자수,중상자수,경상자수,부상신고자수,사고유형,법규위반,노면상태,기상상태,도로형태,가해운전자 차종,가해운전자 성별,가해운전자 연령,가해운전자 상해정도,피해운전자 차종,피해운전자 성별,피해운전자 연령,피해운전자 상해정도,lat,lon,geometry
87,87,2018080800100140,2018년 8월 8일 09시,수요일,경기도 오산시 금암동,경상사고,0,0,1,0,차대차 - 기타,신호위반,포장 - 건조,맑음,교차로 - 교차로횡단보도내,승합,남,57세,상해없음,자전거,남,7세,경상,37.17507895666709,127.04439839892791,"(37.17507895666709, 127.04439839892791)"
88,88,2018081700100092,2018년 8월 17일 07시,금요일,경기도 오산시 은계동,부상신고사고,0,0,0,1,차대사람 - 횡단중,안전운전불이행,포장 - 건조,맑음,교차로 - 교차로안,기타불명,기타불명,미분류,기타불명,보행자,남,9세,부상신고,37.16172020858053,127.07600236925265,"(37.16172020858053, 127.07600236925265)"
89,89,2018082000100324,2018년 8월 20일 14시,월요일,경기도 오산시 오산동,경상사고,0,0,3,0,차대차 - 기타,안전운전불이행,포장 - 건조,맑음,단일로 - 지하차도(도로)내,화물,남,61세,상해없음,승용,남,37세,경상,37.14900893184021,127.06715923777527,"(37.14900893184021, 127.06715923777527)"
90,90,2018090100100310,2018년 9월 1일 14시,토요일,경기도 오산시 원동,경상사고,0,0,4,1,차대차 - 기타,신호위반,포장 - 건조,맑음,교차로 - 교차로안,승용,남,36세,상해없음,승용,여,37세,경상,37.148572664256456,127.07829505839922,"(37.148572664256456, 127.07829505839922)"
91,91,2018090700100477,2018년 9월 7일 17시,금요일,경기도 오산시 갈곶동,부상신고사고,0,0,0,1,차대사람 - 횡단중,신호위반,포장 - 건조,맑음,교차로 - 교차로부근,승용,남,32세,상해없음,보행자,여,5세,부상신고,37.132875250632,127.06901644029051,"(37.132875250632, 127.06901644029051)"
92,92,2018091600100486,2018년 9월 16일 21시,일요일,경기도 오산시 원동,경상사고,0,0,3,0,차대차 - 측면충돌,신호위반,포장 - 건조,맑음,교차로 - 교차로안,화물,여,64세,상해없음,승용,남,47세,경상,37.14869836119954,127.07814797742417,"(37.14869836119954, 127.07814797742417)"
93,93,2018091900100388,2018년 9월 19일 16시,수요일,경기도 오산시 오산동,경상사고,0,0,1,0,차대사람 - 횡단중,안전운전불이행,포장 - 건조,맑음,교차로 - 교차로안,승용,남,28세,상해없음,보행자,남,5세,경상,37.153712993128146,127.06878209869645,"(37.153712993128146, 127.06878209869645)"
94,94,2018092000100422,2018년 9월 20일 16시,목요일,경기도 오산시 오산동,중상사고,0,1,0,0,차대사람 - 횡단중,보행자보호의무위반,포장 - 젖음/습기,비,교차로 - 교차로횡단보도내,승용,여,52세,상해없음,보행자,남,12세,중상,37.15700532121613,127.07872927195628,"(37.15700532121613, 127.07872927195628)"
95,95,2018092500100080,2018년 9월 25일 09시,화요일,경기도 오산시 원동,중상사고,0,1,4,1,차대차 - 기타,신호위반,포장 - 건조,맑음,교차로 - 교차로안,승용,여,48세,부상신고,승용,여,45세,경상,37.14862709927112,127.0783849576463,"(37.14862709927112, 127.0783849576463)"
96,96,2018100300100203,2018년 10월 3일 11시,수요일,경기도 오산시 세교동,경상사고,0,0,4,0,차대차 - 추돌,안전운전불이행,포장 - 건조,맑음,교차로 - 교차로안,승용,남,39세,상해없음,승용,남,39세,경상,37.187134005516775,127.03973677448948,"(37.187134005516775, 127.03973677448948)"
97,97,2018100700100165,2018년 10월 7일 10시,일요일,경기도 오산시 원동,경상사고,0,0,3,0,차대차 - 측면충돌,신호위반,포장 - 건조,맑음,단일로 - 기타,승용,남,49세,상해없음,승용,여,39세,경상,37.13736372850037,127.07327669401941,"(37.13736372850037, 127.07327669401941)"
98,98,2018101300100157,2018년 10월 13일 09시,토요일,경기도 오산시 내삼미동,중상사고,0,1,3,0,차대차 - 추돌,안전운전불이행,포장 - 건조,맑음,단일로 - 터널,화물,여,41세,상해없음,승용,남,44세,경상,37.181039998884,127.07254096656496,"(37.181039998884, 127.07254096656496)"
99,99,2018101400100243,2018년 10월 14일 15시,일요일,경기도 오산시 금암동,경상사고,0,0,4,0,차대차 - 측면충돌,안전운전불이행,포장 - 건조,맑음,단일로 - 기타,승용,남,41세,상해없음,승용,남,43세,경상,37.17836560246795,127.04778613783905,"(37.17836560246795, 127.04778613783905)"
100,100,2018101700100318,2018년 10월 17일 14시,수요일,경기도 오산시 금암동,중상사고,0,1,0,0,차대사람 - 기타,보행자보호의무위반,포장 - 건조,맑음,교차로 - 교차로횡단보도내,승용,여,36세,상해없음,보행자,남,9세,중상,37.1778913144542,127.04642448328778,"(37.1778913144542, 127.04642448328778)"
101,101,2018111000100527,2018년 11월 10일 18시,토요일,경기도 오산시 궐동,중상사고,0,1,0,0,차대사람 - 횡단중,안전운전불이행,포장 - 건조,맑음,단일로 - 기타,이륜,남,33세,상해없음,보행자,여,10세,중상,37.156931601457174,127.06154257573694,"(37.156931601457174, 127.06154257573694)"
102,102,2018120400100452,2018년 12월 4일 18시,화요일,경기도 오산시 오산동,경상사고,0,0,3,0,차대차 - 측면충돌,안전운전불이행,포장 - 건조,맑음,단일로 - 기타,화물,남,34세,상해없음,승용,남,29세,경상,37.15623258068203,127.07703106739069,"(37.15623258068203, 127.07703106739069)"
103,103,2018120400100487,2018년 12월 4일 19시,화요일,경기도 오산시 오산동,경상사고,0,0,3,2,차대차 - 측면충돌,교차로운행방법위반,포장 - 건조,맑음,교차로 - 교차로안,승합,남,45세,상해없음,승용,여,27세,경상,37.154748412370736,127.06837144797964,"(37.154748412370736, 127.06837144797964)"
104,104,2018120600100595,2018년 12월 6일 21시,목요일,경기도 오산시 가수동,중상사고,0,1,2,0,차대차 - 기타,안전운전불이행,포장 - 건조,맑음,교차로 - 교차로부근,화물,남,45세,상해없음,승용,여,37세,경상,37.14732845343297,127.05455758242022,"(37.14732845343297, 127.05455758242022)"
105,105,2018122200100410,2018년 12월 22일 16시,토요일,경기도 오산시 세교동,중상사고,0,3,0,0,차대차 - 기타,안전운전불이행,포장 - 건조,맑음,기타 - 기타,승합,남,48세,상해없음,승용,남,43세,중상,37.18489138360717,127.03592643166729,"(37.18489138360717, 127.03592643166729)"
106,106,2018122600100473,2018년 12월 26일 19시,수요일,경기도 오산시 갈곶동,중상사고,0,1,1,0,차대차 - 측면충돌,신호위반,포장 - 건조,맑음,교차로 - 교차로안,승용,남,65세,상해없음,승용,남,39세,중상,37.133279403795626,127.07826447660266,"(37.133279403795626, 127.07826447660266)"
107,107,2018122800100513,2018년 12월 28일 19시,금요일,경기도 오산시 원동,부상신고사고,0,0,0,2,차대차 - 측면충돌,교차로운행방법위반,포장 - 건조,맑음,교차로 - 교차로안,화물,남,33세,상해없음,승용,남,42세,상해없음,37.14129004940858,127.07189484114951,"(37.14129004940858, 127.07189484114951)"
108,108,2019011700100355,2019년 1월 17일 16시,목요일,경기도 오산시 갈곶동,경상사고,0,0,3,0,차대차 - 추돌,안전운전불이행,포장 - 건조,맑음,단일로 - 기타,승용,남,55세,상해없음,승용,여,35세,경상,37.12992989055782,127.0674869520621,"(37.12992989055782, 127.0674869520621)"
109,109,2019011800100404,2019년 1월 18일 17시,금요일,경기도 오산시 원동,경상사고,0,0,1,1,차대차 - 기타,신호위반,포장 - 건조,맑음,교차로 - 교차로안,승용,여,57세,상해없음,승용,여,27세,경상,37.135883887207775,127.07300196289373,"(37.135883887207775, 127.07300196289373)"
110,110,2019012300100302,2019년 1월 23일 14시,수요일,경기도 오산시 오산동,경상사고,0,0,3,0,차대차 - 측면충돌,안전운전불이행,포장 - 건조,맑음,단일로 - 기타,승용,남,71세,상해없음,승용,여,32세,경상,37.15569415151121,127.07288620649784,"(37.15569415151121, 127.07288620649784)"
111,111,2019020600100208,2019년 2월 6일 16시,수요일,경기도 오산시 오산동,경상사고,0,0,2,0,차대차 - 기타,안전운전불이행,포장 - 건조,맑음,기타 - 기타,승용,여,62세,경상,승용,남,44세,상해없음,37.14875860564099,127.07737013609682,"(37.14875860564099, 127.07737013609682)"
112,112,2019021900100397,2019년 2월 19일 18시,화요일,경기도 오산시 청학동,경상사고,0,0,5,0,차대차 - 추돌,안전거리미확보,포장 - 건조,맑음,단일로 - 기타,승용,남,26세,경상,승용,남,31세,상해없음,37.1561638084379,127.04960010724301,"(37.1561638084379, 127.04960010724301)"
113,113,2019033000100359,2019년 3월 30일 13시,토요일,경기도 오산시 청호동,중상사고,0,1,5,0,차대차 - 측면충돌,중앙선침범,포장 - 젖음/습기,흐림,단일로 - 기타,화물,남,61세,상해없음,승용,여,38세,중상,37.128030545518534,127.08793240729472,"(37.128030545518534, 127.08793240729472)"
114,114,2019041900100524,2019년 4월 19일 18시,금요일,경기도 오산시 부산동,경상사고,0,0,1,0,차대사람 - 횡단중,신호위반,포장 - 건조,맑음,교차로 - 교차로횡단보도내,승용,여,46세,상해없음,보행자,남,6세,경상,37.15482909870779,127.07789412098705,"(37.15482909870779, 127.07789412098705)"
115,115,2019042300100503,2019년 4월 23일 19시,화요일,경기도 오산시 원동,경상사고,0,0,1,0,차대사람 - 기타,안전운전불이행,포장 - 건조,맑음,단일로 - 기타,승용,남,42세,상해없음,보행자,여,8세,경상,37.13814586013329,127.07506454134136,"(37.13814586013329, 127.07506454134136)"
116,116,2019042800100339,2019년 4월 28일 17시,일요일,경기도 오산시 외삼미동,경상사고,0,0,2,2,차대차 - 측면충돌,신호위반,포장 - 건조,맑음,교차로 - 교차로안,승용,여,42세,부상신고,승용,남,30세,경상,37.189839903278134,127.04669068319187,"(37.189839903278134, 127.04669068319187)"
117,117,2019050300100372,2019년 5월 3일 14시,금요일,경기도 오산시 오산동,경상사고,0,0,1,0,차대차 - 측면충돌,안전운전불이행,포장 - 건조,맑음,교차로 - 교차로횡단보도내,승용,여,69세,상해없음,자전거,여,9세,경상,37.14392859644405,127.06856952791884,"(37.14392859644405, 127.06856952791884)"
118,118,2019051400100256,2019년 5월 14일 12시,화요일,경기도 오산시 세교동,경상사고,0,0,1,0,차대사람 - 기타,안전운전불이행,포장 - 건조,맑음,기타 - 기타,화물,남,58세,상해없음,보행자,남,12세,경상,37.184248996817544,127.03984189907369,"(37.184248996817544, 127.03984189907369)"
119,119,2019051900100337,2019년 5월 19일 16시,일요일,경기도 오산시 내삼미동,중상사고,0,1,4,0,차대차 - 추돌,안전운전불이행,포장 - 젖음/습기,비,교차로 - 교차로부근,승용,여,41세,중상,승합,남,48세,상해없음,37.178277384793134,127.05748160334251,"(37.178277384793134, 127.05748160334251)"
120,120,2019051900100491,2019년 5월 19일 20시,일요일,경기도 오산시 부산동,경상사고,0,0,4,0,차대차 - 측면충돌,안전운전불이행,포장 - 젖음/습기,비,교차로 - 교차로부근,화물,여,59세,상해없음,승용,여,37세,경상,37.15891939761926,127.0818423300446,"(37.15891939761926, 127.0818423300446)"
121,121,2019052000100122,2019년 5월 20일 08시,월요일,경기도 오산시 청학동,경상사고,0,0,2,0,차대차 - 측면충돌,안전거리미확보,포장 - 건조,맑음,교차로 - 교차로안,승합,남,60세,상해없음,승용,여,36세,경상,37.153313351774955,127.06327315373241,"(37.153313351774955, 127.06327315373241)"
122,122,2019052200100208,2019년 5월 22일 09시,수요일,경기도 오산시 부산동,경상사고,0,0,4,0,차대차 - 추돌,안전운전불이행,포장 - 건조,맑음,단일로 - 교량,승용,남,27세,상해없음,승용,여,34세,경상,37.15980019487247,127.0835176106981,"(37.15980019487247, 127.0835176106981)"
123,123,2019052300100522,2019년 5월 23일 18시,목요일,경기도 오산시 부산동,중상사고,0,1,0,0,차대차 - 측면충돌,안전운전불이행,포장 - 건조,맑음,단일로 - 기타,화물,남,39세,상해없음,자전거,여,9세,중상,37.158700488576955,127.08362407794615,"(37.158700488576955, 127.08362407794615)"
124,124,2019052300100577,2019년 5월 23일 19시,목요일,경기도 오산시 궐동,경상사고,0,0,1,0,차대사람 - 횡단중,안전운전불이행,포장 - 건조,맑음,기타 - 기타,승용,남,62세,상해없음,보행자,남,6세,경상,37.15678719867407,127.0638649257414,"(37.15678719867407, 127.0638649257414)"
125,125,2019052400100419,2019년 5월 24일 15시,금요일,경기도 오산시 부산동,경상사고,0,0,3,0,차대차 - 측면충돌,안전운전불이행,포장 - 건조,맑음,단일로 - 기타,승용,남,68세,상해없음,승합,남,56세,경상,37.15489522488414,127.0860983328217,"(37.15489522488414, 127.0860983328217)"
126,126,2019052700100599,2019년 5월 27일 21시,월요일,경기도 오산시 원동,경상사고,0,0,2,1,차대차 - 기타,안전운전불이행,포장 - 건조,맑음,교차로 - 교차로안,승용,남,55세,상해없음,승용,남,34세,경상,37.13374369833064,127.07216700671495,"(37.13374369833064, 127.07216700671495)"
127,127,2019052800100698,2019년 5월 28일 21시,화요일,경기도 오산시 세교동,중상사고,0,1,3,0,차대차 - 측면충돌,안전운전불이행,포장 - 건조,맑음,교차로 - 교차로안,화물,남,46세,상해없음,승용,남,33세,경상,37.19425220404899,127.04292472271341,"(37.19425220404899, 127.04292472271341)"
128,128,2019060600100323,2019년 6월 6일 15시,목요일,경기도 오산시 오산동,중상사고,0,1,4,0,차대차 - 측면충돌,안전운전불이행,포장 - 건조,맑음,교차로 - 교차로안,승용,남,57세,경상,승합,남,52세,상해없음,37.144468637565325,127.06830778423428,"(37.144468637565325, 127.06830778423428)"
129,129,2019060800100157,2019년 6월 8일 09시,토요일,경기도 오산시 수청동,경상사고,0,0,3,0,차대차 - 추돌,안전운전불이행,포장 - 건조,맑음,단일로 - 기타,화물,남,59세,상해없음,승용,남,34세,경상,37.16211007489355,127.06459433394916,"(37.16211007489355, 127.06459433394916)"
130,130,2019061400100122,2019년 6월 14일 08시,금요일,경기도 오산시 은계동,부상신고사고,0,0,0,1,차대사람 - 보도통행중,안전운전불이행,포장 - 건조,맑음,기타 - 기타,기타불명,여,16세,상해없음,보행자,남,11세,부상신고,37.161107882781096,127.06900605337164,"(37.161107882781096, 127.06900605337164)"
131,131,2019061400100634,2019년 6월 14일 21시,금요일,경기도 오산시 원동,부상신고사고,0,0,0,1,차대사람 - 횡단중,안전운전불이행,포장 - 건조,맑음,교차로 - 교차로부근,승용,남,43세,상해없음,보행자,남,10세,부상신고,37.1412335377079,127.06885278602995,"(37.1412335377079, 127.06885278602995)"
132,132,2019062000100369,2019년 6월 20일 15시,목요일,경기도 오산시 원동,중상사고,0,1,0,0,차대차 - 기타,중앙선침범,포장 - 건조,맑음,단일로 - 기타,자전거,남,11세,중상,승용,여,40세,상해없음,37.1360672947613,127.08114723220869,"(37.1360672947613, 127.08114723220869)"
133,133,2019062300100304,2019년 6월 23일 14시,일요일,경기도 오산시 오산동,부상신고사고,0,0,0,2,차대차 - 기타,안전운전불이행,포장 - 건조,맑음,단일로 - 기타,이륜,남,42세,상해없음,승용,여,58세,상해없음,37.14990563702109,127.07543777409671,"(37.14990563702109, 127.07543777409671)"
134,134,2019062700100502,2019년 6월 27일 18시,목요일,경기도 오산시 부산동,경상사고,0,0,5,0,차대차 - 추돌,안전운전불이행,포장 - 건조,맑음,기타 - 기타,승용,남,30세,상해없음,승용,여,27세,경상,37.162003188639375,127.08428522399042,"(37.162003188639375, 127.08428522399042)"
135,135,2019070300100566,2019년 7월 3일 21시,수요일,경기도 오산시 금암동,경상사고,0,0,1,0,차대차 - 측면충돌,신호위반,포장 - 건조,맑음,교차로 - 교차로횡단보도내,승용,남,66세,상해없음,자전거,남,9세,경상,37.17910443415188,127.04992433953043,"(37.17910443415188, 127.04992433953043)"
136,136,2019071000100244,2019년 7월 10일 12시,수요일,경기도 오산시 고현동,경상사고,0,0,1,0,차대사람 - 횡단중,보행자보호의무위반,포장 - 건조,맑음,교차로 - 교차로횡단보도내,승용,남,21세,상해없음,보행자,남,7세,경상,37.13477419354271,127.08261787065165,"(37.13477419354271, 127.08261787065165)"
137,137,2019071300100420,2019년 7월 13일 17시,토요일,경기도 오산시 오산동,중상사고,0,1,0,0,차대차 - 측면충돌,교차로운행방법위반,포장 - 건조,맑음,교차로 - 교차로횡단보도내,승용,남,23세,상해없음,자전거,남,11세,중상,37.149388578085436,127.06502757133495,"(37.149388578085436, 127.06502757133495)"
138,138,2019071900100587,2019년 7월 19일 19시,금요일,경기도 오산시 누읍동,경상사고,0,0,2,0,차대차 - 기타,안전거리미확보,포장 - 건조,맑음,단일로 - 기타,승용,여,39세,상해없음,승용,남,46세,경상,37.14319291343747,127.04849329048172,"(37.14319291343747, 127.04849329048172)"
139,139,2019072700100221,2019년 7월 27일 10시,토요일,경기도 오산시 외삼미동,중상사고,0,3,1,0,차대차 - 측면충돌,신호위반,포장 - 건조,맑음,교차로 - 교차로안,승용,남,79세,상해없음,승용,남,37세,중상,37.18951649229751,127.06315376969653,"(37.18951649229751, 127.06315376969653)"
140,140,2019072800100409,2019년 7월 28일 22시,일요일,경기도 오산시 외삼미동,중상사고,0,2,2,0,차대차 - 추돌,안전거리미확보,포장 - 건조,맑음,단일로 - 기타,승용,남,24세,상해없음,승용,남,47세,중상,37.182814550441925,127.05326528516295,"(37.182814550441925, 127.05326528516295)"
141,141,2019080300100188,2019년 8월 3일 11시,토요일,경기도 오산시 원동,경상사고,0,0,8,0,차량단독 - 공작물충돌,안전운전불이행,포장 - 건조,맑음,교차로 - 교차로안,승합,남,60세,상해없음,,,,,37.14859988490496,127.07348307758362,"(37.14859988490496, 127.07348307758362)"
142,142,2019080700100346,2019년 8월 7일 14시,수요일,경기도 오산시 가장동,중상사고,0,1,2,0,차대차 - 기타,신호위반,포장 - 건조,맑음,교차로 - 교차로안,승용,남,51세,중상,화물,남,46세,경상,37.16291727803083,127.03156649113077,"(37.16291727803083, 127.03156649113077)"
143,143,2019081000100594,2019년 8월 10일 20시,토요일,경기도 오산시 내삼미동,부상신고사고,0,0,0,1,차대사람 - 기타,안전운전불이행,포장 - 건조,맑음,단일로 - 기타,승용,남,32세,상해없음,보행자,남,4세,부상신고,37.173158764129056,127.05827338770293,"(37.173158764129056, 127.05827338770293)"
144,144,2019081400100149,2019년 8월 14일 08시,수요일,경기도 오산시 내삼미동,경상사고,0,0,4,0,차대차 - 추돌,안전운전불이행,포장 - 건조,맑음,단일로 - 기타,화물,남,28세,상해없음,승용,남,37세,경상,37.173328472377136,127.06253358774565,"(37.173328472377136, 127.06253358774565)"
145,145,2019082200100388,2019년 8월 22일 15시,목요일,경기도 오산시 오산동,중상사고,0,1,0,0,차대사람 - 횡단중,보행자보호의무위반,포장 - 건조,맑음,단일로 - 기타,승용,여,46세,상해없음,보행자,남,12세,중상,37.154424014548624,127.06842934467836,"(37.154424014548624, 127.06842934467836)"
146,146,2019082300100617,2019년 8월 23일 20시,금요일,경기도 오산시 벌음동,중상사고,0,1,0,0,차대사람 - 횡단중,안전운전불이행,포장 - 건조,맑음,단일로 - 기타,승용,남,44세,상해없음,보행자,여,6세,중상,37.140841383196076,127.03990787261527,"(37.140841383196076, 127.03990787261527)"
147,147,2019082700100388,2019년 8월 27일 15시,화요일,경기도 오산시 금암동,부상신고사고,0,0,0,1,차대차 - 측면충돌,신호위반,포장 - 건조,맑음,교차로 - 교차로횡단보도내,기타불명,기타불명,미분류,기타불명,자전거,남,9세,부상신고,37.175070075128005,127.04443226284792,"(37.175070075128005, 127.04443226284792)"
148,148,2019090300100098,2019년 9월 3일 07시,화요일,경기도 오산시 고현동,경상사고,0,0,2,0,차대차 - 기타,안전운전불이행,포장 - 건조,맑음,교차로 - 교차로안,승합,남,61세,상해없음,승용,여,37세,경상,37.13597679370663,127.0810575111566,"(37.13597679370663, 127.0810575111566)"
149,149,2019090300100338,2019년 9월 3일 14시,화요일,경기도 오산시 원동,중상사고,0,2,0,0,차대사람 - 횡단중,신호위반,포장 - 건조,맑음,교차로 - 교차로횡단보도내,승용,여,49세,상해없음,보행자,여,34세,중상,37.13591206467414,127.07572846586523,"(37.13591206467414, 127.07572846586523)"
150,150,2019090300100572,2019년 9월 3일 19시,화요일,경기도 오산시 누읍동,중상사고,0,1,0,0,차대사람 - 횡단중,안전운전불이행,포장 - 건조,맑음,단일로 - 기타,승용,남,48세,상해없음,보행자,남,6세,중상,37.14117181607607,127.04588933202992,"(37.14117181607607, 127.04588933202992)"
151,151,2019090800100182,2019년 9월 8일 12시,일요일,경기도 오산시 외삼미동,경상사고,0,0,3,0,차대차 - 측면충돌,안전운전불이행,포장 - 건조,맑음,단일로 - 기타,승용,남,66세,상해없음,승용,남,42세,경상,37.18962220771371,127.05552008161331,"(37.18962220771371, 127.05552008161331)"
152,152,2019090900100563,2019년 9월 9일 18시,월요일,경기도 오산시 수청동,경상사고,0,0,1,0,차대사람 - 기타,신호위반,포장 - 젖음/습기,비,교차로 - 교차로횡단보도내,승용,여,46세,상해없음,보행자,남,10세,경상,37.171149680974295,127.06576805457209,"(37.171149680974295, 127.06576805457209)"
153,153,2019091900100557,2019년 9월 19일 19시,목요일,경기도 오산시 금암동,중상사고,0,1,0,0,차대사람 - 횡단중,안전운전불이행,포장 - 건조,맑음,교차로 - 교차로안,승용,여,36세,상해없음,보행자,남,9세,중상,37.176567002551295,127.04445843875195,"(37.176567002551295, 127.04445843875195)"
154,154,2019092500100293,2019년 9월 25일 12시,수요일,경기도 오산시 금암동,중상사고,0,1,2,0,차대차 - 측면충돌,신호위반,포장 - 건조,맑음,교차로 - 교차로안,이륜,남,44세,중상,승용,여,35세,경상,37.174364503646046,127.05069219620182,"(37.174364503646046, 127.05069219620182)"
155,155,2019092700100458,2019년 9월 27일 16시,금요일,경기도 오산시 원동,부상신고사고,0,0,0,1,차대차 - 기타,신호위반,포장 - 건조,맑음,교차로 - 교차로부근,승용,남,51세,상해없음,자전거,남,10세,부상신고,37.138806408663356,127.07325865264629,"(37.138806408663356, 127.07325865264629)"
156,156,2019100400100381,2019년 10월 4일 14시,금요일,경기도 오산시 수청동,경상사고,0,0,2,0,차대차 - 측면충돌,안전운전불이행,포장 - 건조,맑음,교차로 - 교차로횡단보도내,승용,남,38세,상해없음,승용,여,40세,경상,37.17085358101517,127.06615273811559,"(37.17085358101517, 127.06615273811559)"
157,157,2019100400100382,2019년 10월 4일 14시,금요일,경기도 오산시 금암동,경상사고,0,0,1,0,차대차 - 기타,안전운전불이행,포장 - 건조,맑음,단일로 - 기타,이륜,남,53세,상해없음,자전거,남,10세,경상,37.177777579549215,127.04958155144249,"(37.177777579549215, 127.04958155144249)"
158,158,2019100700100146,2019년 10월 7일 08시,월요일,경기도 오산시 부산동,경상사고,0,0,2,0,차대차 - 추돌,안전거리미확보,포장 - 젖음/습기,비,단일로 - 교량,승용,남,65세,기타불명,승용,남,46세,경상,37.160468443267895,127.08378504975198,"(37.160468443267895, 127.08378504975198)"
159,159,2019101000100394,2019년 10월 10일 15시,목요일,경기도 오산시 오산동,경상사고,0,0,1,0,차대차 - 기타,안전운전불이행,포장 - 건조,맑음,단일로 - 기타,화물,남,49세,상해없음,자전거,남,11세,경상,37.155617245478226,127.07161305874149,"(37.155617245478226, 127.07161305874149)"
160,160,2019101400100496,2019년 10월 14일 17시,월요일,경기도 오산시 가수동,중상사고,0,1,0,0,차대차 - 측면충돌,안전운전불이행,포장 - 건조,맑음,교차로 - 교차로횡단보도내,승용,여,40세,상해없음,자전거,남,9세,중상,37.145639242604325,127.0491796349043,"(37.145639242604325, 127.0491796349043)"
161,161,2019101600100237,2019년 10월 16일 10시,수요일,경기도 오산시 수청동,경상사고,0,0,2,0,차대차 - 추돌,안전운전불이행,포장 - 건조,맑음,단일로 - 지하차도(도로)내,승용,남,26세,기타불명,승용,여,38세,경상,37.17112121389372,127.0653962070472,"(37.17112121389372, 127.0653962070472)"
162,162,2019102200100616,2019년 10월 22일 19시,화요일,경기도 오산시 수청동,부상신고사고,0,0,0,2,차대차 - 측면충돌,교차로운행방법위반,포장 - 건조,맑음,교차로 - 교차로안,승용,남,30세,상해없음,승용,여,31세,부상신고,37.16344930928215,127.06820590284724,"(37.16344930928215, 127.06820590284724)"
163,163,2019102700100287,2019년 10월 27일 13시,일요일,경기도 오산시 부산동,경상사고,0,0,6,0,차대차 - 추돌,안전운전불이행,포장 - 건조,맑음,단일로 - 기타,승용,남,66세,상해없음,승용,남,29세,경상,37.15314411674408,127.08561041390148,"(37.15314411674408, 127.08561041390148)"
164,164,2019110200100351,2019년 11월 2일 13시,토요일,경기도 오산시 오산동,경상사고,0,0,1,3,차대차 - 측면충돌,교차로운행방법위반,포장 - 건조,맑음,교차로 - 교차로안,승용,남,49세,상해없음,승용,남,42세,경상,37.15108638623079,127.07288538087386,"(37.15108638623079, 127.07288538087386)"
165,165,2019110600100490,2019년 11월 6일 17시,수요일,경기도 오산시 수청동,중상사고,0,1,0,0,차대차 - 측면충돌,안전운전불이행,포장 - 건조,맑음,교차로 - 교차로횡단보도내,승용,남,40세,상해없음,자전거,남,12세,중상,37.16935544017448,127.0658105190431,"(37.16935544017448, 127.0658105190431)"
166,166,2019111100100194,2019년 11월 11일 09시,월요일,경기도 오산시 오산동,경상사고,0,0,2,0,차대차 - 측면충돌,기타,포장 - 건조,맑음,단일로 - 기타,승용,여,41세,상해없음,승용,여,26세,경상,37.154974183408534,127.07326150754368,"(37.154974183408534, 127.07326150754368)"
167,167,2019112800100672,2019년 11월 28일 22시,목요일,경기도 오산시 부산동,경상사고,0,0,4,0,차대차 - 추돌,안전운전불이행,포장 - 건조,맑음,교차로 - 교차로부근,승용,남,27세,상해없음,승용,남,36세,경상,37.158819602080996,127.08662149722026,"(37.158819602080996, 127.08662149722026)"
168,168,2019120400100401,2019년 12월 4일 13시,수요일,경기도 오산시 내삼미동,경상사고,0,0,1,1,차대차 - 추돌,안전운전불이행,포장 - 건조,맑음,단일로 - 기타,승용,남,35세,상해없음,승용,여,49세,경상,37.178079800878784,127.05768549765742,"(37.178079800878784, 127.05768549765742)"
169,169,2019120800100397,2019년 12월 8일 18시,일요일,경기도 오산시 세교동,경상사고,0,0,1,0,차대사람 - 횡단중,보행자보호의무위반,포장 - 건조,맑음,교차로 - 교차로안,승용,여,49세,상해없음,보행자,여,12세,경상,37.1832255776919,127.04096331415144,"(37.1832255776919, 127.04096331415144)"
170,170,2019121300100471,2019년 12월 13일 17시,금요일,경기도 오산시 갈곶동,부상신고사고,0,0,0,1,차대사람 - 기타,안전운전불이행,포장 - 건조,맑음,주차장 - 주차장,승용,남,40세,상해없음,보행자,남,7세,부상신고,37.129362979581494,127.0701935153689,"(37.129362979581494, 127.0701935153689)"
171,171,2019122800100340,2019년 12월 28일 16시,토요일,경기도 오산시 궐동,경상사고,0,0,1,0,차대사람 - 기타,안전운전불이행,포장 - 건조,맑음,단일로 - 기타,승용,남,35세,상해없음,보행자,여,12세,경상,37.160714002103965,127.05796262776371,"(37.160714002103965, 127.05796262776371)"
172,172,2014010500100169,2014년 1월 5일 14시,일요일,경기도 오산시 세교동,경상사고,0,0,1,0,차대사람 - 횡단중,안전운전불이행,포장 - 건조,맑음,단일로 - 기타,승용,남,57세,상해없음,보행자,남,7세,경상,37.181551004060324,127.03050997282436,"(37.181551004060324, 127.03050997282436)"
173,173,2014011800100493,2014년 1월 18일 23시,토요일,경기도 오산시 원동,경상사고,0,0,3,0,차대차 - 측면직각충돌,교차로운행방법위반,포장 - 건조,맑음,교차로 - 교차로안,승용,남,36세,상해없음,승용,남,31세,경상,37.143981146146224,127.07055249149558,"(37.143981146146224, 127.07055249149558)"