,Unnamed: 0,사고번호,사고일시,요일,시군구,사고내용,사망자수,중상자수,경상자수,부상신고자수,사고유형,법규위반,노면상태,기상상태,도로형태,가해운전자 차종,가해운전자 성별,가해운전자 연령,가해운전자 상해정도,피해운전자 차종,피해운전자 성별,피해운전자 연령,피해운전자 상해정도,lat,lon,geometry
346,346,2011041200100314,2011년 4월 12일 15시,화요일,경기도 오산시 오산동,중상사고,0,1,0,0,차대사람 - 횡단중,보행자보호의무위반,포장 - 건조,맑음,단일로 - 횡단보도상,승용,남,20세,상해없음,보행자,남,10세,중상,37.153494906536736,127.07555622082519,"(37.153494906536736, 127.07555622082519)"
347,347,2011041500100201,2011년 4월 15일 10시,금요일,경기도 오산시 수청동,중상사고,0,1,2,0,차대차 - 측면직각충돌,기타,포장 - 건조,맑음,교차로 - 교차로안,화물,남,55세,상해없음,승용,남,46세,경상,37.17044681541215,127.05883906471784,"(37.17044681541215, 127.05883906471784)"
348,348,2011050100100389,2011년 5월 1일 17시,일요일,경기도 오산시 원동,경상사고,0,0,1,0,차대사람 - 횡단중,안전운전불이행,포장 - 건조,맑음,단일로 - 횡단보도상,원동기,남,40세,상해없음,보행자,여,8세,경상,37.148781481563404,127.07624312930523,"(37.148781481563404, 127.07624312930523)"
349,349,2011051600100350,2011년 5월 16일 17시,월요일,경기도 오산시 오산동,중상사고,0,1,0,0,차대사람 - 횡단중,신호위반,포장 - 건조,맑음,단일로 - 횡단보도상,승합,남,59세,상해없음,보행자,남,10세,중상,37.1534467017025,127.07714547401925,"(37.1534467017025, 127.07714547401925)"
350,350,2011051700100561,2011년 5월 17일 20시,화요일,경기도 오산시 오산동,경상사고,0,0,2,0,차대차 - 측면직각충돌,안전운전불이행,포장 - 건조,맑음,교차로 - 교차로안,화물,남,48세,상해없음,승용,여,37세,경상,37.15476627553747,127.06832628350315,"(37.15476627553747, 127.06832628350315)"
351,351,2011052400100568,2011년 5월 24일 22시,화요일,경기도 오산시 청학동,중상사고,0,1,2,0,차대차 - 측면직각충돌,안전운전불이행,포장 - 건조,맑음,교차로 - 교차로부근,승용,남,45세,상해없음,승용,남,53세,경상,37.15021337846971,127.06141747104205,"(37.15021337846971, 127.06141747104205)"
352,352,2011052500100314,2011년 5월 25일 16시,수요일,경기도 오산시 오산동,중상사고,0,1,0,0,차대차 - 기타,안전운전불이행,포장 - 건조,맑음,교차로 - 교차로부근,승합,남,46세,상해없음,자전거,남,12세,중상,37.158836064972476,127.07879967303192,"(37.158836064972476, 127.07879967303192)"
353,353,2011060300100137,2011년 6월 3일 08시,금요일,경기도 오산시 원동,중상사고,0,1,6,0,차대사람 - 기타,안전운전불이행,포장 - 건조,맑음,단일로 - 횡단보도상,승합,남,57세,상해없음,보행자,남,41세,중상,37.13499373637459,127.06887117884227,"(37.13499373637459, 127.06887117884227)"
354,354,2011060500100266,2011년 6월 5일 13시,일요일,경기도 오산시 금암동,경상사고,0,0,1,0,차대사람 - 횡단중,안전운전불이행,포장 - 건조,맑음,단일로 - 기타,승용,남,34세,상해없음,보행자,남,2세,경상,37.170982179114326,127.04589596052256,"(37.170982179114326, 127.04589596052256)"
355,355,2011060600100139,2011년 6월 6일 10시,월요일,경기도 오산시 원동,경상사고,0,0,1,0,차대사람 - 횡단중,신호위반,포장 - 건조,맑음,단일로 - 횡단보도상,원동기,남,22세,상해없음,보행자,여,3세,경상,37.148860543016006,127.0684558802003,"(37.148860543016006, 127.0684558802003)"
356,356,2011060800100300,2011년 6월 8일 15시,수요일,경기도 오산시 오산동,중상사고,0,1,0,0,차대사람 - 횡단중,보행자보호의무위반,포장 - 건조,맑음,단일로 - 기타,화물,남,51세,상해없음,보행자,남,12세,중상,37.15589109160985,127.07250209587649,"(37.15589109160985, 127.07250209587649)"
357,357,2011061400100316,2011년 6월 14일 15시,화요일,경기도 오산시 오산동,경상사고,0,0,3,0,차대사람 - 기타,안전운전불이행,포장 - 건조,맑음,단일로 - 기타,승용,남,72세,상해없음,보행자,여,53세,경상,37.15063025131853,127.06907852098051,"(37.15063025131853, 127.06907852098051)"
358,358,2011061500100129,2011년 6월 15일 08시,수요일,경기도 오산시 부산동,부상신고사고,0,0,0,1,차대차 - 기타,안전운전불이행,포장 - 건조,맑음,교차로 - 교차로안,기타불명,기타불명,기타불명,기타불명,자전거,남,12세,부상신고,37.13982234569751,127.08221169165972,"(37.13982234569751, 127.08221169165972)"
359,359,2011061500100328,2011년 6월 15일 16시,수요일,경기도 오산시 오산동,중상사고,0,1,6,1,차대차 - 측면직각충돌,직진우회전진행방해,포장 - 건조,맑음,단일로 - 기타,승합,여,39세,상해없음,승합,남,59세,부상신고,37.14930871076452,127.06536602672676,"(37.14930871076452, 127.06536602672676)"
360,360,2011070800100540,2011년 7월 8일 21시,금요일,경기도 오산시 오산동,중상사고,0,2,2,0,차대차 - 정면충돌,신호위반,포장 - 습기,비,교차로 - 교차로안,승용,남,29세,상해없음,승용,남,38세,중상,37.15263485308988,127.0746361380745,"(37.15263485308988, 127.0746361380745)"
361,361,2011071000100294,2011년 7월 10일 15시,일요일,경기도 오산시 원동,경상사고,0,0,4,0,차대차 - 추돌 - 진행중,안전운전불이행,포장 - 습기,비,교차로 - 교차로부근,승용,여,20세,상해없음,승용,남,31세,경상,37.146165336773024,127.07350578729802,"(37.146165336773024, 127.07350578729802)"
362,362,2011071700100337,2011년 7월 17일 17시,일요일,경기도 오산시 갈곶동,중상사고,0,1,0,0,차대사람 - 횡단중,보행자보호의무위반,포장 - 건조,맑음,단일로 - 횡단보도상,승용,여,38세,상해없음,보행자,남,10세,중상,37.13252379985971,127.06907444055635,"(37.13252379985971, 127.06907444055635)"
363,363,2011071900100333,2011년 7월 19일 14시,화요일,경기도 오산시 금암동,중상사고,0,1,1,0,차대차 - 추돌 - 주정차중,과속,포장 - 건조,맑음,기타 - 기타,승합,남,56세,상해없음,화물,남,45세,기타불명,37.171980985966115,127.04537235700032,"(37.171980985966115, 127.04537235700032)"
364,364,2011072400100267,2011년 7월 24일 15시,일요일,경기도 오산시 오산동,중상사고,0,1,1,0,차대사람 - 횡단중,안전운전불이행,포장 - 건조,흐림,교차로 - 교차로부근,승용,남,53세,상해없음,보행자,남,3세,경상,37.151142262914796,127.06855769433977,"(37.151142262914796, 127.06855769433977)"
365,365,2011072900100227,2011년 7월 29일 11시,금요일,경기도 오산시 오산동,중상사고,0,1,2,0,차대차 - 측면직각충돌,안전운전불이행,포장 - 건조,맑음,단일로 - 기타,승용,여,33세,상해없음,승용,남,36세,경상,37.155424106259254,127.07301144882756,"(37.155424106259254, 127.07301144882756)"
366,366,2011081000100313,2011년 8월 10일 15시,수요일,경기도 오산시 금암동,중상사고,0,1,0,0,차대사람 - 횡단중,안전운전불이행,포장 - 건조,맑음,단일로 - 기타,승용,남,56세,상해없음,보행자,여,7세,중상,37.176315475516994,127.0446964548612,"(37.176315475516994, 127.0446964548612)"
367,367,2011081200100401,2011년 8월 12일 16시,금요일,경기도 오산시 궐동,경상사고,0,0,1,0,차대사람 - 기타,안전운전불이행,포장 - 습기,비,교차로 - 교차로부근,기타불명,기타불명,기타불명,기타불명,보행자,남,6세,경상,37.16140069944643,127.05599813512144,"(37.16140069944643, 127.05599813512144)"
368,368,2011082300100342,2011년 8월 23일 15시,화요일,경기도 오산시 세교동,경상사고,0,0,1,0,차대사람 - 횡단중,안전운전불이행,포장 - 건조,맑음,단일로 - 기타,화물,남,38세,상해없음,보행자,여,6세,경상,37.19021159298428,127.04043116182095,"(37.19021159298428, 127.04043116182095)"
369,369,2011082600100008,2011년 8월 26일 00시,금요일,경기도 오산시 오산동,중상사고,0,1,12,0,차대차 - 추돌 - 진행중,안전운전불이행,포장 - 건조,맑음,단일로 - 횡단보도부근,화물,남,30세,중상,승용,남,37세,경상,37.14302708312661,127.07343038296726,"(37.14302708312661, 127.07343038296726)"
370,370,2011082800100368,2011년 8월 28일 16시,일요일,경기도 오산시 오산동,경상사고,0,0,4,0,차대차 - 측면직각충돌,직진우회전진행방해,포장 - 건조,맑음,교차로 - 교차로부근,승용,여,35세,상해없음,승용,남,42세,경상,37.14957900524061,127.06768615728285,"(37.14957900524061, 127.06768615728285)"
371,371,2011082900100446,2011년 8월 29일 17시,월요일,경기도 오산시 오산동,경상사고,0,0,1,0,차대사람 - 기타,안전운전불이행,포장 - 건조,맑음,단일로 - 기타,승용,기타불명,기타불명,기타불명,보행자,여,4세,경상,37.14744275018742,127.06789920026024,"(37.14744275018742, 127.06789920026024)"
372,372,2011090300100152,2011년 9월 3일 08시,토요일,경기도 오산시 누읍동,중상사고,0,1,0,0,차대차 - 측면직각충돌,안전거리미확보,포장 - 건조,맑음,단일로 - 기타,승용,여,33세,상해없음,승합,남,43세,상해없음,37.141696420017425,127.04857968532335,"(37.141696420017425, 127.04857968532335)"
373,373,2011090500100516,2011년 9월 5일 18시,월요일,경기도 오산시 궐동,중상사고,0,1,2,0,차대차 - 측면직각충돌,안전거리미확보,포장 - 건조,맑음,교차로 - 교차로부근,승용,남,54세,상해없음,승용,남,31세,상해없음,37.15987416472925,127.05763990930572,"(37.15987416472925, 127.05763990930572)"
374,374,2011091400100459,2011년 9월 14일 19시,수요일,경기도 오산시 금암동,중상사고,0,2,0,0,차대사람 - 횡단중,안전운전불이행,포장 - 건조,맑음,교차로 - 교차로안,원동기,남,33세,중상,보행자,남,10세,중상,37.17413912660577,127.05070460130504,"(37.17413912660577, 127.05070460130504)"
375,375,2011092000100417,2011년 9월 20일 19시,화요일,경기도 오산시 오산동,경상사고,0,0,1,0,차대사람 - 기타,안전운전불이행,포장 - 건조,맑음,단일로 - 기타,승용,여,43세,상해없음,보행자,남,11세,경상,37.147375452540324,127.06679518353891,"(37.147375452540324, 127.06679518353891)"
376,376,2011092300100228,2011년 9월 23일 11시,금요일,경기도 오산시 외삼미동,중상사고,0,1,5,0,차대차 - 측면직각충돌,신호위반,포장 - 건조,맑음,교차로 - 교차로안,승용,여,40세,상해없음,화물,남,54세,중상,37.18948939818801,127.06314262706238,"(37.18948939818801, 127.06314262706238)"
377,377,2011093000100484,2011년 9월 30일 17시,금요일,경기도 오산시 오산동,경상사고,0,0,2,0,차대차 - 정면충돌,신호위반,포장 - 건조,맑음,교차로 - 교차로안,승용,남,31세,상해없음,승용,여,34세,경상,37.15263485308988,127.0746361380745,"(37.15263485308988, 127.0746361380745)"
378,378,2011100300100453,2011년 10월 3일 19시,월요일,경기도 오산시 청학동,경상사고,0,0,3,0,차대차 - 측면직각충돌,안전운전불이행,포장 - 건조,맑음,교차로 - 교차로부근,승용,남,54세,상해없음,승용,여,49세,경상,37.1533406606044,127.0633406394132,"(37.1533406606044, 127.0633406394132)"
379,379,2011100600100270,2011년 10월 6일 14시,목요일,경기도 오산시 부산동,중상사고,0,1,0,0,차대사람 - 기타,안전운전불이행,포장 - 건조,맑음,단일로 - 기타,자전거,남,8세,상해없음,보행자,여,7세,중상,37.157614612621494,127.08012396789681,"(37.157614612621494, 127.08012396789681)"
380,380,2011100800100422,2011년 10월 8일 17시,토요일,경기도 오산시 원동,경상사고,0,0,1,0,차대사람 - 횡단중,안전운전불이행,포장 - 건조,맑음,교차로 - 교차로부근,승용,여,43세,상해없음,보행자,여,11세,경상,37.14458653843969,127.06848751625174,"(37.14458653843969, 127.06848751625174)"
381,381,2011101000100116,2011년 10월 10일 08시,월요일,경기도 오산시 오산동,경상사고,0,0,1,0,차대사람 - 기타,안전운전불이행,포장 - 건조,맑음,단일로 - 기타,화물,남,52세,상해없음,보행자,남,7세,경상,37.14875966128832,127.06562785291644,"(37.14875966128832, 127.06562785291644)"
382,382,2011111800100457,2011년 11월 18일 17시,금요일,경기도 오산시 금암동,중상사고,0,1,2,0,차대차 - 측면직각충돌,신호위반,포장 - 건조,맑음,단일로 - 기타,승용,남,42세,상해없음,승합,남,25세,중상,37.169845342822654,127.05257476531936,"(37.169845342822654, 127.05257476531936)"
383,383,2011112800100341,2011년 11월 28일 15시,월요일,경기도 오산시 원동,중상사고,0,1,0,0,차대사람 - 기타,보행자보호의무위반,포장 - 건조,맑음,단일로 - 횡단보도상,기타불명,기타불명,기타불명,기타불명,보행자,남,11세,중상,37.14636500618422,127.07627693602969,"(37.14636500618422, 127.07627693602969)"
384,384,2011120100100531,2011년 12월 1일 21시,목요일,경기도 오산시 오산동,사망사고,1,0,0,0,차대사람 - 횡단중,안전운전불이행,포장 - 건조,맑음,단일로 - 기타,승용,남,60세,상해없음,보행자,남,7세,사망,37.14819666701151,127.06459382100552,"(37.14819666701151, 127.06459382100552)"
385,385,2011121700100332,2011년 12월 17일 13시,토요일,경기도 오산시 수청동,경상사고,0,0,6,0,차대차 - 기타,안전운전불이행,포장 - 건조,맑음,단일로 - 기타,화물,남,29세,상해없음,승용,남,38세,경상,37.16934821696583,127.06391685601662,"(37.16934821696583, 127.06391685601662)"
386,386,2012013000100238,2012년 1월 30일 14시,월요일,경기도 오산시 부산동,중상사고,0,9,10,0,차대차 - 측면직각충돌,신호위반,포장 - 건조,맑음,교차로 - 교차로안,승합,남,47세,상해없음,화물,남,30세,중상,37.158971403402255,127.07882158581043,"(37.158971403402255, 127.07882158581043)"
387,387,2012030200100328,2012년 3월 2일 15시,금요일,경기도 오산시 가수동,경상사고,0,0,2,0,차대차 - 측면직각충돌,안전운전불이행,포장 - 건조,맑음,단일로 - 기타,승용,남,49세,상해없음,승용,남,37세,경상,37.14941902328731,127.06119595174296,"(37.14941902328731, 127.06119595174296)"
388,388,2012030900100357,2012년 3월 9일 18시,금요일,경기도 오산시 오산동,중상사고,0,1,0,0,차대차 - 측면직각충돌,안전운전불이행,포장 - 건조,맑음,단일로 - 횡단보도부근,승용,남,28세,상해없음,자전거,남,11세,중상,37.15814125793247,127.07623324351441,"(37.15814125793247, 127.07623324351441)"
389,389,2012030900100452,2012년 3월 9일 20시,금요일,경기도 오산시 원동,중상사고,0,1,0,0,차대사람 - 차도통행중,안전운전불이행,포장 - 건조,맑음,단일로 - 기타,승용,남,50세,상해없음,보행자,남,12세,중상,37.14779200993601,127.07446726505195,"(37.14779200993601, 127.07446726505195)"
390,390,2012032500100149,2012년 3월 25일 10시,일요일,경기도 오산시 수청동,중상사고,0,1,2,0,차대차 - 추돌 - 주정차중,안전거리미확보,포장 - 건조,맑음,단일로 - 기타,승용,남,39세,상해없음,승용,여,45세,중상,37.173102267097825,127.05998709147251,"(37.173102267097825, 127.05998709147251)"
391,391,2012032700100108,2012년 3월 27일 08시,화요일,경기도 오산시 궐동,경상사고,0,0,3,0,차대차 - 측면직각충돌,교차로운행방법위반,포장 - 건조,맑음,교차로 - 교차로안,승용,남,28세,상해없음,승합,남,49세,경상,37.15772539272706,127.05927339198513,"(37.15772539272706, 127.05927339198513)"
392,392,2012041100100349,2012년 4월 11일 13시,수요일,경기도 오산시 오산동,경상사고,0,0,1,0,차대사람 - 횡단중,안전운전불이행,포장 - 건조,맑음,단일로 - 기타,승용,남,30세,상해없음,보행자,남,6세,경상,37.15920312409276,127.0589956658696,"(37.15920312409276, 127.0589956658696)"
393,393,2012042400100600,2012년 4월 24일 22시,화요일,경기도 오산시 원동,중상사고,0,1,0,0,차대사람 - 횡단중,안전운전불이행,포장 - 건조,맑음,교차로 - 교차로안,승용,여,21세,상해없음,보행자,남,12세,중상,37.135812339292414,127.0731600375491,"(37.135812339292414, 127.0731600375491)"
394,394,2012042600100272,2012년 4월 26일 10시,목요일,경기도 오산시 오산동,경상사고,0,0,3,0,차대차 - 측면직각충돌,교차로운행방법위반,포장 - 건조,맑음,교차로 - 교차로부근,승용,남,31세,상해없음,승용,여,38세,경상,37.14874466187293,127.07361762513348,"(37.14874466187293, 127.07361762513348)"
395,395,2012043000100505,2012년 4월 30일 18시,월요일,경기도 오산시 오산동,경상사고,0,0,1,0,차대차 - 측면직각충돌,기타,포장 - 건조,맑음,교차로 - 교차로부근,승용,남,46세,상해없음,자전거,남,8세,경상,37.14883311712544,127.07801212409485,"(37.14883311712544, 127.07801212409485)"
396,396,2012050600100315,2012년 5월 6일 15시,일요일,경기도 오산시 외삼미동,중상사고,0,2,5,0,차대차 - 측면직각충돌,안전거리미확보,포장 - 건조,맑음,단일로 - 기타,화물,남,43세,상해없음,승용,남,43세,중상,37.18981235909752,127.04656679871864,"(37.18981235909752, 127.04656679871864)"
397,397,2012051000100349,2012년 5월 10일 15시,목요일,경기도 오산시 금암동,경상사고,0,0,1,0,차대사람 - 횡단중,신호위반,포장 - 건조,맑음,교차로 - 교차로안,승용,여,36세,상해없음,보행자,남,9세,경상,37.179874634296866,127.04180355348416,"(37.179874634296866, 127.04180355348416)"
398,398,2012051600100151,2012년 5월 16일 08시,수요일,경기도 오산시 가수동,경상사고,0,0,1,0,차대사람 - 횡단중,신호위반,포장 - 건조,맑음,단일로 - 횡단보도상,승용,남,39세,상해없음,보행자,남,5세,경상,37.143829240505646,127.04979719719465,"(37.143829240505646, 127.04979719719465)"
399,399,2012051600100194,2012년 5월 16일 09시,수요일,경기도 오산시 오산동,경상사고,0,0,3,0,차대차 - 측면직각충돌,신호위반,포장 - 건조,맑음,교차로 - 교차로안,화물,남,67세,상해없음,승용,여,29세,경상,37.135666553709505,127.07275510903445,"(37.135666553709505, 127.07275510903445)"
400,400,2012051600100347,2012년 5월 16일 15시,수요일,경기도 오산시 금암동,경상사고,0,0,1,0,차대사람 - 횡단중,안전운전불이행,포장 - 건조,맑음,단일로 - 기타,승용,남,53세,상해없음,보행자,여,6세,경상,37.17527849569069,127.04469047306858,"(37.17527849569069, 127.04469047306858)"
401,401,2012052500100613,2012년 5월 25일 21시,금요일,경기도 오산시 궐동,중상사고,0,1,2,0,차대차 - 추돌 - 주정차중,안전운전불이행,포장 - 건조,맑음,단일로 - 기타,승용,남,30세,상해없음,승용,여,32세,중상,37.159405016118995,127.05990758767513,"(37.159405016118995, 127.05990758767513)"
402,402,2012052900100487,2012년 5월 29일 20시,화요일,경기도 오산시 금암동,중상사고,0,2,1,0,차대차 - 정면충돌,중앙선침범,포장 - 건조,맑음,단일로 - 기타,승용,남,53세,상해없음,승용,남,36세,중상,37.17685900079577,127.0453249709958,"(37.17685900079577, 127.0453249709958)"
403,403,2012071500100420,2012년 7월 15일 17시,일요일,경기도 오산시 세교동,경상사고,0,0,2,0,차대차 - 측면직각충돌,교차로운행방법위반,포장 - 건조,맑음,단일로 - 기타,승용,남,40세,상해없음,화물,남,32세,경상,37.18813415841192,127.04179486348272,"(37.18813415841192, 127.04179486348272)"
404,404,2012071600100308,2012년 7월 16일 15시,월요일,경기도 오산시 원동,경상사고,0,0,1,0,차대사람 - 횡단중,안전운전불이행,포장 - 건조,맑음,단일로 - 횡단보도부근,건설기계,남,44세,상해없음,보행자,여,4세,경상,37.13622008893418,127.08101132529772,"(37.13622008893418, 127.08101132529772)"
405,405,2012071700100277,2012년 7월 17일 15시,화요일,경기도 오산시 수청동,중상사고,0,1,0,0,차대사람 - 기타,보행자보호의무위반,포장 - 건조,맑음,단일로 - 횡단보도상,이륜,남,20세,상해없음,보행자,여,8세,중상,37.16827166892643,127.06773195616087,"(37.16827166892643, 127.06773195616087)"
406,406,2012072300100304,2012년 7월 23일 14시,월요일,경기도 오산시 오산동,중상사고,0,1,0,0,차대차 - 측면직각충돌,안전운전불이행,포장 - 건조,맑음,단일로 - 기타,승용,남,68세,상해없음,자전거,남,12세,중상,37.13940243064315,127.07836008274819,"(37.13940243064315, 127.07836008274819)"
407,407,2012073100100583,2012년 7월 31일 23시,화요일,경기도 오산시 오산동,중상사고,0,2,1,0,차대차 - 기타,안전운전불이행,포장 - 습기,비,단일로 - 기타,승용,남,48세,상해없음,승용,남,32세,중상,37.15580168096003,127.07270537877748,"(37.15580168096003, 127.07270537877748)"
408,408,2012080100100245,2012년 8월 1일 13시,수요일,경기도 오산시 원동,중상사고,0,1,0,0,차대사람 - 길가장자리구역통행중,안전운전불이행,포장 - 건조,맑음,단일로 - 기타,승용,남,33세,상해없음,보행자,남,12세,중상,37.13578512250595,127.08042743268948,"(37.13578512250595, 127.08042743268948)"
409,409,2012080100100310,2012년 8월 1일 15시,수요일,경기도 오산시 수청동,중상사고,0,2,1,0,차대차 - 추돌 - 진행중,안전운전불이행,포장 - 건조,맑음,단일로 - 기타,승용,남,38세,상해없음,승용,여,54세,중상,37.16817026000829,127.06714630664848,"(37.16817026000829, 127.06714630664848)"
410,410,2012080500100296,2012년 8월 5일 16시,일요일,경기도 오산시 오산동,경상사고,0,0,2,0,차대사람 - 횡단중,보행자보호의무위반,포장 - 건조,맑음,단일로 - 횡단보도상,승용,여,29세,상해없음,보행자,남,7세,경상,37.146696044057066,127.06835351073387,"(37.146696044057066, 127.06835351073387)"
411,411,2012080700100350,2012년 8월 7일 16시,화요일,경기도 오산시 원동,중상사고,0,1,1,0,차대사람 - 보도통행중,안전운전불이행,포장 - 건조,맑음,단일로 - 기타,승용,여,46세,상해없음,보행자,여,33세,중상,37.152595460706074,127.07860321406142,"(37.152595460706074, 127.07860321406142)"
412,412,2012080900100365,2012년 8월 9일 17시,목요일,경기도 오산시 탑동,경상사고,0,0,1,0,차대차 - 측면직각충돌,안전운전불이행,포장 - 건조,맑음,단일로 - 기타,승용,남,51세,상해없음,자전거,여,9세,경상,37.1323033747424,127.05157863715046,"(37.1323033747424, 127.05157863715046)"
413,413,2012081000100428,2012년 8월 10일 17시,금요일,경기도 오산시 원동,중상사고,0,1,0,0,차대사람 - 기타,신호위반,포장 - 건조,맑음,교차로 - 교차로안,승용,남,39세,상해없음,보행자,여,6세,중상,37.14550989335744,127.07668658922532,"(37.14550989335744, 127.07668658922532)"
414,414,2012081000100470,2012년 8월 10일 18시,금요일,경기도 오산시 내삼미동,경상사고,0,0,12,0,차대차 - 측면직각충돌,안전운전불이행,포장 - 건조,맑음,단일로 - 기타,승용,남,40세,상해없음,승합,남,39세,경상,37.18386962068424,127.04870527912972,"(37.18386962068424, 127.04870527912972)"
415,415,2012081900100328,2012년 8월 19일 18시,일요일,경기도 오산시 오산동,중상사고,0,1,0,0,차대차 - 정면충돌,안전운전불이행,포장 - 건조,흐림,단일로 - 횡단보도상,승용,남,49세,상해없음,자전거,남,9세,중상,37.15913362625252,127.0787982928235,"(37.15913362625252, 127.0787982928235)"
416,416,2012082900100101,2012년 8월 29일 08시,수요일,경기도 오산시 원동,부상신고사고,0,0,0,1,차대사람 - 횡단중,안전운전불이행,포장 - 건조,맑음,단일로 - 기타,승용,여,36세,상해없음,보행자,남,7세,부상신고,37.13337526377856,127.07250674115541,"(37.13337526377856, 127.07250674115541)"
417,417,2012083000100581,2012년 8월 30일 23시,목요일,경기도 오산시 원동,경상사고,0,0,4,3,차대차 - 추돌 - 진행중,안전운전불이행,포장 - 건조,맑음,단일로 - 기타,화물,남,58세,상해없음,승합,남,51세,상해없음,37.143329153405574,127.08197026441911,"(37.143329153405574, 127.08197026441911)"
418,418,2012090600100521,2012년 9월 6일 18시,목요일,경기도 오산시 오산동,경상사고,0,0,1,0,차대사람 - 횡단중,보행자보호의무위반,포장 - 건조,맑음,교차로 - 교차로안,승용,여,30세,상해없음,보행자,남,6세,경상,37.15003757929644,127.07454689068315,"(37.15003757929644, 127.07454689068315)"
419,419,2012092300100372,2012년 9월 23일 16시,일요일,경기도 오산시 오산동,경상사고,0,0,4,0,차대차 - 측면직각충돌,신호위반,포장 - 건조,맑음,교차로 - 교차로안,승용,남,74세,상해없음,승용,남,36세,경상,37.168068261167626,127.04553880015335,"(37.168068261167626, 127.04553880015335)"
420,420,2012092400100442,2012년 9월 24일 17시,월요일,경기도 오산시 원동,경상사고,0,0,1,0,차대사람 - 횡단중,안전운전불이행,포장 - 건조,맑음,단일로 - 기타,승용,여,55세,상해없음,보행자,여,5세,경상,37.147619643357146,127.07177482504423,"(37.147619643357146, 127.07177482504423)"
421,421,2012092800100633,2012년 9월 28일 19시,금요일,경기도 오산시 누읍동,중상사고,0,1,0,0,차대사람 - 보도통행중,보행자보호의무위반,포장 - 건조,맑음,단일로 - 횡단보도상,화물,남,46세,상해없음,보행자,남,7세,중상,37.14135928422651,127.04769122546764,"(37.14135928422651, 127.04769122546764)"
422,422,2012101100100477,2012년 10월 11일 17시,목요일,경기도 오산시 금암동,경상사고,0,0,1,0,차대사람 - 횡단중,안전운전불이행,포장 - 건조,맑음,교차로 - 교차로부근,이륜,남,47세,상해없음,보행자,남,8세,경상,37.17675509619613,127.04414183448736,"(37.17675509619613, 127.04414183448736)"
423,423,2012101900100125,2012년 10월 19일 08시,금요일,경기도 오산시 금암동,경상사고,0,0,5,0,차대차 - 정면충돌,신호위반,포장 - 건조,맑음,교차로 - 교차로안,승용,남,31세,경상,승용,여,41세,경상,37.17638775073925,127.04247531479488,"(37.17638775073925, 127.04247531479488)"
424,424,2012102100100497,2012년 10월 21일 21시,일요일,경기도 오산시 오산동,경상사고,0,0,3,0,차대차 - 측면직각충돌,안전운전불이행,포장 - 건조,맑음,단일로 - 기타,화물,남,58세,상해없음,승용,여,37세,경상,37.14935169493381,127.06481363722921,"(37.14935169493381, 127.06481363722921)"
425,425,2012102500100311,2012년 10월 25일 14시,목요일,경기도 오산시 궐동,경상사고,0,0,1,0,차대사람 - 기타,교차로운행방법위반,포장 - 건조,맑음,교차로 - 교차로부근,승용,남,26세,상해없음,보행자,남,9세,경상,37.15970748223143,127.06353522912902,"(37.15970748223143, 127.06353522912902)"
426,426,2012102500100358,2012년 10월 25일 16시,목요일,경기도 오산시 가수동,중상사고,0,1,3,0,차대차 - 추돌 - 주정차중,안전운전불이행,포장 - 건조,맑음,교차로 - 교차로부근,승용,남,64세,상해없음,승용,여,39세,중상,37.144625015366934,127.0526778874272,"(37.144625015366934, 127.0526778874272)"
427,427,2012110800100403,2012년 11월 8일 18시,목요일,경기도 오산시 수청동,부상신고사고,0,0,0,1,차대사람 - 기타,안전운전불이행,포장 - 건조,맑음,단일로 - 기타,화물,남,32세,상해없음,보행자,여,1세,부상신고,37.16563457754396,127.06192851950249,"(37.16563457754396, 127.06192851950249)"
428,428,2012111300100494,2012년 11월 13일 19시,화요일,경기도 오산시 고현동,중상사고,0,1,0,0,차대사람 - 횡단중,보행자보호의무위반,포장 - 건조,흐림,단일로 - 기타,승용,남,43세,상해없음,보행자,남,8세,중상,37.13270222991158,127.07824461358831,"(37.13270222991158, 127.07824461358831)"
429,429,2012120400100240,2012년 12월 4일 11시,화요일,경기도 오산시 갈곶동,중상사고,0,1,3,0,차대차 - 측면직각충돌,신호위반,포장 - 건조,맑음,교차로 - 교차로안,승용,남,26세,상해없음,승용,남,62세,경상,37.12823932294949,127.0687229917749,"(37.12823932294949, 127.0687229917749)"
430,430,2012120400100469,2012년 12월 4일 18시,화요일,경기도 오산시 원동,경상사고,0,0,3,0,차대사람 - 횡단중,신호위반,포장 - 건조,맑음,교차로 - 교차로부근,승용,남,54세,상해없음,보행자,여,42세,경상,37.14756426875979,127.07627134358047,"(37.14756426875979, 127.07627134358047)"
431,431,2012120500100145,2012년 12월 5일 10시,수요일,경기도 오산시 수청동,경상사고,0,0,1,1,차대차 - 측면직각충돌,안전운전불이행,포장 - 적설,눈,교차로 - 교차로부근,승용,여,29세,상해없음,승합,여,63세,상해없음,37.16994226133409,127.05894299143287,"(37.16994226133409, 127.05894299143287)"