,Unnamed: 0,사고번호,사고일시,요일,시군구,사고내용,사망자수,중상자수,경상자수,부상신고자수,사고유형,법규위반,노면상태,기상상태,도로형태,가해운전자 차종,가해운전자 성별,가해운전자 연령,가해운전자 상해정도,피해운전자 차종,피해운전자 성별,피해운전자 연령,피해운전자 상해정도,lat,lon,geometry
432,432,2012121000100351,2012년 12월 10일 17시,월요일,경기도 오산시 누읍동,경상사고,0,0,3,0,차대차 - 측면직각충돌,직진우회전진행방해,포장 - 건조,맑음,교차로 - 교차로안,승용,남,44세,경상,승용,여,43세,경상,37.190389846707404,127.01169039555887,"(37.190389846707404, 127.01169039555887)"
433,433,2012121100100382,2012년 12월 11일 17시,화요일,경기도 오산시 금암동,경상사고,0,0,1,0,차량단독 - 공작물충돌,안전운전불이행,포장 - 결빙,맑음,단일로 - 터널,승용,여,29세,상해없음,,,,,37.167133648589946,127.04181265973664,"(37.167133648589946, 127.04181265973664)"
434,434,2012121300100526,2012년 12월 13일 21시,목요일,경기도 오산시 부산동,경상사고,0,0,4,0,차대차 - 추돌 - 주정차중,안전운전불이행,포장 - 건조,맑음,교차로 - 교차로부근,화물,남,28세,상해없음,승용,남,42세,경상,37.15899687449783,127.08577540053442,"(37.15899687449783, 127.08577540053442)"
435,435,2012122300100135,2012년 12월 23일 09시,일요일,경기도 오산시 오산동,중상사고,0,1,5,2,차대차 - 추돌 - 진행중,안전운전불이행,포장 - 건조,맑음,교차로 - 교차로안,승용,남,60세,상해없음,승합,남,46세,경상,37.13804998786188,127.06872144612731,"(37.13804998786188, 127.06872144612731)"
436,436,2013011700100336,2013년 1월 17일 17시,목요일,경기도 오산시 원동,경상사고,0,0,1,0,차대사람 - 횡단중,안전운전불이행,포장 - 건조,맑음,교차로 - 교차로안,기타불명,기타불명,기타불명,기타불명,보행자,남,8세,경상,37.146441005608246,127.07006755740679,"(37.146441005608246, 127.07006755740679)"
437,437,2013011800100617,2013년 1월 18일 23시,금요일,경기도 오산시 내삼미동,중상사고,0,3,2,0,차대차 - 측면직각충돌,중앙선침범,포장 - 습기,맑음,단일로 - 기타,승용,남,31세,상해없음,승용,남,66세,중상,37.174507859605995,127.05970965980215,"(37.174507859605995, 127.05970965980215)"
438,438,2013012000100338,2013년 1월 20일 19시,일요일,경기도 오산시 외삼미동,경상사고,0,0,3,0,차대차 - 추돌 - 주정차중,안전운전불이행,포장 - 건조,맑음,단일로 - 기타,화물,남,46세,상해없음,승용,남,36세,경상,37.18944362106643,127.06296245022031,"(37.18944362106643, 127.06296245022031)"
439,439,2013012400100161,2013년 1월 24일 08시,목요일,경기도 오산시 원동,중상사고,0,2,1,0,차대차 - 기타,신호위반,포장 - 건조,맑음,교차로 - 교차로안,승용,남,69세,상해없음,승용,남,40세,상해없음,37.13702155837203,127.07826969598624,"(37.13702155837203, 127.07826969598624)"
440,440,2013020900100297,2013년 2월 9일 18시,토요일,경기도 오산시 내삼미동,중상사고,0,1,5,0,차대차 - 추돌 - 진행중,신호위반,포장 - 건조,맑음,교차로 - 교차로안,승합,남,62세,상해없음,승용,남,36세,경상,37.17855496590032,127.04100993941393,"(37.17855496590032, 127.04100993941393)"
441,441,2013021600100253,2013년 2월 16일 13시,토요일,경기도 오산시 원동,경상사고,0,0,4,0,차대차 - 측면직각충돌,교차로운행방법위반,포장 - 건조,맑음,교차로 - 교차로안,승용,남,53세,상해없음,승용,여,38세,경상,37.13629932307879,127.07803642841048,"(37.13629932307879, 127.07803642841048)"
442,442,2013022300100190,2013년 2월 23일 09시,토요일,경기도 오산시 원동,중상사고,0,2,2,0,차대차 - 정면충돌,신호위반,포장 - 건조,맑음,교차로 - 교차로안,승용,남,57세,상해없음,승용,남,32세,중상,37.14157526057754,127.07341466633274,"(37.14157526057754, 127.07341466633274)"
443,443,2013022300100307,2013년 2월 23일 13시,토요일,경기도 오산시 원동,중상사고,0,2,1,0,차대차 - 측면직각충돌,안전운전불이행,포장 - 건조,맑음,단일로 - 기타,화물,남,61세,상해없음,승용,여,40세,중상,37.141702381553905,127.07365069554798,"(37.141702381553905, 127.07365069554798)"
444,444,2013022800100258,2013년 2월 28일 13시,목요일,경기도 오산시 원동,경상사고,0,0,3,0,차대차 - 기타,신호위반,포장 - 건조,맑음,교차로 - 교차로안,승합,남,59세,상해없음,승용,여,39세,경상,37.13380408633302,127.06903456399021,"(37.13380408633302, 127.06903456399021)"
445,445,2013030900100298,2013년 3월 9일 13시,토요일,경기도 오산시 원동,경상사고,0,0,3,3,차대차 - 추돌 - 주정차중,안전운전불이행,포장 - 건조,맑음,단일로 - 기타,승용,남,56세,상해없음,승용,남,63세,경상,37.14614717709221,127.07347206753552,"(37.14614717709221, 127.07347206753552)"
446,446,2013032200100377,2013년 3월 22일 17시,금요일,경기도 오산시 오산동,부상신고사고,0,0,0,1,차대사람 - 기타,안전운전불이행,포장 - 건조,맑음,단일로 - 기타,기타불명,기타불명,기타불명,기타불명,보행자,여,12세,부상신고,37.149372943444405,127.06565871332546,"(37.149372943444405, 127.06565871332546)"
447,447,2013032400100206,2013년 3월 24일 13시,일요일,경기도 오산시 오산동,경상사고,0,0,1,0,차대사람 - 기타,안전운전불이행,포장 - 건조,맑음,단일로 - 기타,승용,남,36세,상해없음,보행자,남,3세,경상,37.13375595363669,127.0706234035469,"(37.13375595363669, 127.0706234035469)"
448,448,2013041100100435,2013년 4월 11일 19시,목요일,경기도 오산시 궐동,경상사고,0,0,1,0,차대사람 - 기타,안전운전불이행,포장 - 건조,맑음,단일로 - 기타,승용,남,40세,상해없음,보행자,여,8세,경상,37.15855674063719,127.06680921631686,"(37.15855674063719, 127.06680921631686)"
449,449,2013041200100374,2013년 4월 12일 16시,금요일,경기도 오산시 원동,중상사고,0,1,0,0,차대사람 - 기타,안전운전불이행,포장 - 건조,맑음,단일로 - 기타,승용,여,39세,상해없음,보행자,여,8세,중상,37.14269122533687,127.08756218874441,"(37.14269122533687, 127.08756218874441)"
450,450,2013041700100412,2013년 4월 17일 18시,수요일,경기도 오산시 누읍동,경상사고,0,0,1,0,차대사람 - 기타,신호위반,포장 - 건조,맑음,단일로 - 횡단보도상,승용,남,30세,상해없음,보행자,남,12세,경상,37.14198247210338,127.04794724817076,"(37.14198247210338, 127.04794724817076)"
451,451,2013042700100474,2013년 4월 27일 18시,토요일,경기도 오산시 원동,경상사고,0,0,2,0,차대차 - 기타,안전운전불이행,포장 - 건조,맑음,단일로 - 기타,승용,남,39세,상해없음,승용,남,33세,상해없음,37.141032347930796,127.07291016223084,"(37.141032347930796, 127.07291016223084)"
452,452,2013050700100336,2013년 5월 7일 16시,화요일,경기도 오산시 오산동,경상사고,0,0,2,0,차대차 - 추돌 - 주정차중,안전운전불이행,포장 - 건조,맑음,단일로 - 기타,승용,남,65세,상해없음,승용,여,28세,상해없음,37.15277438486985,127.07578498287701,"(37.15277438486985, 127.07578498287701)"
453,453,2013051400100105,2013년 5월 14일 07시,화요일,경기도 오산시 원동,경상사고,0,0,2,0,차대차 - 측면직각충돌,신호위반,포장 - 건조,맑음,교차로 - 교차로안,승합,남,68세,상해없음,승용,여,37세,경상,37.13630726599859,127.07288730282755,"(37.13630726599859, 127.07288730282755)"
454,454,2013051700100560,2013년 5월 17일 20시,금요일,경기도 오산시 원동,중상사고,0,1,0,0,차대사람 - 횡단중,신호위반,포장 - 건조,맑음,교차로 - 교차로안,원동기,남,17세,상해없음,보행자,남,5세,중상,37.138995471129626,127.07317889168259,"(37.138995471129626, 127.07317889168259)"
455,455,2013052900100291,2013년 5월 29일 14시,수요일,경기도 오산시 궐동,중상사고,0,1,0,0,차대사람 - 기타,안전운전불이행,포장 - 건조,맑음,단일로 - 기타,승용,남,55세,상해없음,보행자,남,5세,중상,37.16113899058329,127.05594307467241,"(37.16113899058329, 127.05594307467241)"
456,456,2013060500100249,2013년 6월 5일 12시,수요일,경기도 오산시 궐동,중상사고,0,1,0,0,차대사람 - 기타,안전운전불이행,포장 - 건조,맑음,단일로 - 기타,승용,남,31세,상해없음,보행자,남,5세,중상,37.15700851001721,127.06043772641401,"(37.15700851001721, 127.06043772641401)"
457,457,2013061500100370,2013년 6월 15일 14시,토요일,경기도 오산시 서동,경상사고,0,0,1,0,차대차 - 정면충돌,안전운전불이행,포장 - 건조,맑음,단일로 - 기타,이륜,남,17세,상해없음,자전거,여,7세,경상,37.14419212834815,127.04351900200693,"(37.14419212834815, 127.04351900200693)"
458,458,2013061500100614,2013년 6월 15일 21시,토요일,경기도 오산시 오산동,경상사고,0,0,4,1,차대차 - 측면직각충돌,안전운전불이행,포장 - 건조,맑음,단일로 - 기타,건설기계,남,41세,상해없음,승합,남,60세,경상,37.15284130880891,127.07681020464995,"(37.15284130880891, 127.07681020464995)"
459,459,2013061600100507,2013년 6월 16일 21시,일요일,경기도 오산시 금암동,중상사고,0,1,0,0,차대사람 - 기타,보행자보호의무위반,포장 - 건조,맑음,단일로 - 횡단보도상,승용,여,42세,상해없음,보행자,여,6세,중상,37.17703153234471,127.04562846495377,"(37.17703153234471, 127.04562846495377)"
460,460,2013062800100579,2013년 6월 28일 21시,금요일,경기도 오산시 궐동,경상사고,0,0,5,0,차대차 - 기타,신호위반,포장 - 건조,맑음,교차로 - 교차로안,승용,남,61세,상해없음,승용,여,43세,경상,37.162073276496464,127.06440290664335,"(37.162073276496464, 127.06440290664335)"
461,461,2013070500100555,2013년 7월 5일 21시,금요일,경기도 오산시 누읍동,경상사고,0,0,1,0,차대사람 - 횡단중,안전운전불이행,포장 - 건조,맑음,기타 - 기타,화물,남,49세,상해없음,보행자,여,1세,경상,37.144443504546274,127.04778837522349,"(37.144443504546274, 127.04778837522349)"
462,462,2013070600100426,2013년 7월 6일 18시,토요일,경기도 오산시 궐동,부상신고사고,0,0,0,1,차대사람 - 기타,안전운전불이행,포장 - 건조,맑음,단일로 - 기타,승용,여,42세,상해없음,보행자,여,6세,부상신고,37.159996003196845,127.05883399201021,"(37.159996003196845, 127.05883399201021)"
463,463,2013071000100356,2013년 7월 10일 17시,수요일,경기도 오산시 내삼미동,중상사고,0,1,1,0,차대차 - 기타,신호위반,포장 - 건조,맑음,교차로 - 교차로안,승용,여,33세,상해없음,승용,여,38세,중상,37.17693458721942,127.05304663180556,"(37.17693458721942, 127.05304663180556)"
464,464,2013071800100387,2013년 7월 18일 17시,목요일,경기도 오산시 수청동,중상사고,0,1,0,0,차대사람 - 횡단중,신호위반,포장 - 건조,맑음,교차로 - 교차로부근,승용,남,49세,상해없음,보행자,여,5세,중상,37.1637859293726,127.06661505419123,"(37.1637859293726, 127.06661505419123)"
465,465,2013072900100308,2013년 7월 29일 16시,월요일,경기도 오산시 부산동,경상사고,0,0,3,1,차대차 - 추돌 - 주정차중,안전거리미확보,포장 - 건조,맑음,단일로 - 기타,승용,남,30세,상해없음,승용,남,53세,상해없음,37.118905053885975,127.10846383689079,"(37.118905053885975, 127.10846383689079)"
466,466,2013080500100178,2013년 8월 5일 11시,월요일,경기도 오산시 원동,중상사고,0,1,2,2,차대차 - 추돌 - 진행중,안전운전불이행,포장 - 건조,맑음,단일로 - 기타,승용,남,32세,상해없음,승용,남,45세,상해없음,37.110845075300624,127.11421967916556,"(37.110845075300624, 127.11421967916556)"
467,467,2013080500100424,2013년 8월 5일 18시,월요일,경기도 오산시 고현동,중상사고,0,1,0,0,차대차 - 기타,신호위반,포장 - 건조,맑음,단일로 - 횡단보도상,승용,남,52세,상해없음,자전거,여,8세,중상,37.13080045651426,127.08838187782787,"(37.13080045651426, 127.08838187782787)"
468,468,2013080800100146,2013년 8월 8일 09시,목요일,경기도 오산시 누읍동,중상사고,0,1,1,0,차대차 - 측면직각충돌,신호위반,포장 - 건조,맑음,교차로 - 교차로안,화물,남,34세,상해없음,승용,여,35세,중상,37.141794057667276,127.05278210125263,"(37.141794057667276, 127.05278210125263)"
469,469,2013081300100103,2013년 8월 13일 08시,화요일,경기도 오산시 고현동,경상사고,0,0,2,0,차대차 - 기타,신호위반,포장 - 건조,맑음,교차로 - 교차로안,승용,남,46세,상해없음,승용,여,32세,경상,37.13280035809925,127.0853534231855,"(37.13280035809925, 127.0853534231855)"
470,470,2013083000100300,2013년 8월 30일 14시,금요일,경기도 오산시 오산동,부상신고사고,0,0,0,1,차대사람 - 길가장자리구역통행중,안전운전불이행,포장 - 건조,맑음,교차로 - 교차로안,기타불명,기타불명,기타불명,기타불명,보행자,여,9세,부상신고,37.14848910981238,127.06561788392658,"(37.14848910981238, 127.06561788392658)"
471,471,2013090700100164,2013년 9월 7일 09시,토요일,경기도 오산시 탑동,중상사고,0,1,0,0,차대사람 - 횡단중,안전운전불이행,포장 - 건조,맑음,단일로 - 기타,승용,남,52세,상해없음,보행자,여,12세,중상,37.1422258395824,127.04792348836557,"(37.1422258395824, 127.04792348836557)"
472,472,2013091500100336,2013년 9월 15일 16시,일요일,경기도 오산시 수청동,중상사고,0,2,2,0,차대차 - 추돌 - 진행중,안전운전불이행,포장 - 건조,맑음,교차로 - 교차로부근,승용,남,52세,상해없음,승용,남,42세,중상,37.17045442503116,127.06081165381279,"(37.17045442503116, 127.06081165381279)"
473,473,2013092000100139,2013년 9월 20일 12시,금요일,경기도 오산시 오산동,경상사고,0,0,2,0,차대사람 - 횡단중,보행자보호의무위반,포장 - 건조,맑음,단일로 - 횡단보도상,승용,여,56세,상해없음,보행자,남,6세,경상,37.150591972486964,127.06849270247378,"(37.150591972486964, 127.06849270247378)"
474,474,2013100500100253,2013년 10월 5일 11시,토요일,경기도 오산시 금암동,경상사고,0,0,1,0,차대차 - 기타,신호위반,포장 - 건조,맑음,교차로 - 교차로부근,승용,여,40세,상해없음,자전거,남,5세,경상,37.14957439351074,127.07365880169998,"(37.14957439351074, 127.07365880169998)"
475,475,2013101300100452,2013년 10월 13일 21시,일요일,경기도 오산시 오산동,중상사고,0,1,2,1,차대차 - 측면직각충돌,교차로운행방법위반,포장 - 건조,맑음,교차로 - 교차로안,승용,여,52세,부상신고,승합,남,56세,상해없음,37.154856403384905,127.06831458334257,"(37.154856403384905, 127.06831458334257)"
476,476,2013111600100193,2013년 11월 16일 10시,토요일,경기도 오산시 내삼미동,경상사고,0,0,4,0,차대차 - 기타,교차로운행방법위반,포장 - 건조,맑음,교차로 - 교차로안,승용,남,34세,상해없음,승용,여,37세,경상,37.174630088830426,127.05867196575964,"(37.174630088830426, 127.05867196575964)"
477,477,2013112000100114,2013년 11월 20일 08시,수요일,경기도 오산시 오산동,중상사고,0,1,0,0,차대사람 - 기타,안전운전불이행,포장 - 건조,맑음,단일로 - 기타,승용,남,49세,상해없음,보행자,여,12세,중상,37.155451438264606,127.07793630778204,"(37.155451438264606, 127.07793630778204)"
478,478,2013112000100334,2013년 11월 20일 16시,수요일,경기도 오산시 가수동,경상사고,0,0,1,0,차대사람 - 기타,안전운전불이행,포장 - 건조,맑음,교차로 - 교차로안,승용,여,33세,상해없음,보행자,남,8세,경상,37.14584403502276,127.05081253130915,"(37.14584403502276, 127.05081253130915)"
479,479,2013120500100571,2013년 12월 5일 23시,목요일,경기도 오산시 내삼미동,중상사고,0,1,4,0,차대차 - 기타,교차로운행방법위반,포장 - 건조,흐림,교차로 - 교차로안,승용,남,31세,경상,승용,남,51세,경상,37.17594590834197,127.05386321999241,"(37.17594590834197, 127.05386321999241)"
480,480,2013121300100280,2013년 12월 13일 15시,금요일,경기도 오산시 궐동,경상사고,0,0,1,0,차대사람 - 기타,안전운전불이행,포장 - 결빙,흐림,단일로 - 기타,승용,남,65세,상해없음,보행자,여,7세,경상,37.15865605296006,127.05743176277441,"(37.15865605296006, 127.05743176277441)"
481,481,2013121400100231,2013년 12월 14일 11시,토요일,경기도 오산시 오산동,중상사고,0,1,0,0,차대사람 - 횡단중,보행자보호의무위반,포장 - 건조,맑음,단일로 - 횡단보도상,승용,남,51세,상해없음,보행자,남,9세,중상,37.15139033973678,127.07459689504236,"(37.15139033973678, 127.07459689504236)"
482,482,2013121900100364,2013년 12월 19일 16시,목요일,경기도 오산시 원동,경상사고,0,0,1,0,차대사람 - 기타,보행자보호의무위반,포장 - 습기,흐림,교차로 - 교차로부근,승용,남,46세,상해없음,보행자,남,7세,경상,37.1499611628744,127.07582066631598,"(37.1499611628744, 127.07582066631598)"
483,483,2013122200100173,2013년 12월 22일 11시,일요일,경기도 오산시 수청동,중상사고,0,2,1,0,차대차 - 정면충돌,안전운전불이행,포장 - 건조,맑음,단일로 - 기타,승용,남,31세,상해없음,승용,남,38세,경상,37.162152142672824,127.06144954172196,"(37.162152142672824, 127.06144954172196)"
484,484,2013122300100177,2013년 12월 23일 10시,월요일,경기도 오산시 부산동,경상사고,0,0,6,1,차대차 - 기타,안전거리미확보,포장 - 건조,맑음,단일로 - 기타,승용,남,39세,경상,승용,여,42세,경상,37.15869966495149,127.08339867139358,"(37.15869966495149, 127.08339867139358)"
485,485,2008011200100399,2008년 1월 12일 18시,토요일,경기도 오산시 오산동,경상사고,0,0,1,0,차대사람 - 기타,안전운전불이행,포장 - 건조,맑음,단일로 - 횡단보도상,승용,남,33세,상해없음,보행자,남,12세,경상,37.155972919609106,127.07268203119921,"(37.155972919609106, 127.07268203119921)"
486,486,2008011400100005,2008년 1월 14일 00시,월요일,경기도 오산시 갈곶동,중상사고,0,4,0,0,차대차 - 측면직각충돌,신호위반,포장 - 건조,맑음,단일로 - 기타,승용,여,22세,상해없음,승용,남,46세,중상,37.2709768609814,127.54433476910287,"(37.2709768609814, 127.54433476910287)"
487,487,2008011400100144,2008년 1월 14일 12시,월요일,경기도 오산시 원동,중상사고,0,1,0,0,차대사람 - 횡단중,안전운전불이행,포장 - 건조,맑음,단일로 - 기타,승용,남,34세,상해없음,보행자,남,7세,중상,37.15356516987361,127.06074753404984,"(37.15356516987361, 127.06074753404984)"
488,488,2008011900100264,2008년 1월 19일 15시,토요일,경기도 오산시 오산동,경상사고,0,0,1,0,차대사람 - 기타,안전운전불이행,포장 - 건조,맑음,단일로 - 기타,승용,기타불명,기타불명,기타불명,보행자,여,9세,경상,37.149427002053784,127.06564718455155,"(37.149427002053784, 127.06564718455155)"
489,489,2008012200100222,2008년 1월 22일 12시,화요일,경기도 오산시 원동,중상사고,0,3,13,0,차대차 - 추돌 - 주정차중,안전운전불이행,포장 - 습기,눈,단일로 - 기타,승합,남,33세,상해없음,승합,남,34세,경상,37.14428927532909,127.0685678098895,"(37.14428927532909, 127.0685678098895)"
490,490,2008020400100295,2008년 2월 4일 16시,월요일,경기도 오산시 오산동,중상사고,0,1,1,0,차대사람 - 횡단중,보행자보호의무위반,포장 - 건조,맑음,단일로 - 횡단보도상,이륜,남,55세,상해없음,보행자,여,46세,중상,37.15057696466712,127.05285112536131,"(37.15057696466712, 127.05285112536131)"
491,491,2008022200100516,2008년 2월 22일 22시,금요일,경기도 오산시 세교동,중상사고,0,2,2,0,차대차 - 추돌 - 진행중,안전운전불이행,포장 - 건조,맑음,단일로 - 기타,승용,남,27세,상해없음,승용,남,40세,중상,37.19429805701434,127.04311617314926,"(37.19429805701434, 127.04311617314926)"
492,492,2008022600100064,2008년 2월 26일 01시,화요일,경기도 오산시 은계동,경상사고,0,0,4,0,차대차 - 추돌 - 주정차중,안전운전불이행,포장 - 결빙,눈,단일로 - 기타,승용,남,43세,상해없음,승용,남,42세,경상,37.16981433526415,127.06792745975349,"(37.16981433526415, 127.06792745975349)"
493,493,2008022700100235,2008년 2월 27일 14시,수요일,경기도 오산시 갈곶동,경상사고,0,0,2,0,차대차 - 측면직각충돌,신호위반,포장 - 건조,맑음,단일로 - 기타,승용,남,23세,상해없음,승용,여,24세,경상,37.14988084585382,127.0736235547488,"(37.14988084585382, 127.0736235547488)"
494,494,2008022700100310,2008년 2월 27일 17시,수요일,경기도 오산시 청호동,경상사고,0,0,1,0,차대사람 - 횡단중,안전운전불이행,포장 - 건조,맑음,단일로 - 기타,승용,여,34세,상해없음,보행자,남,12세,경상,37.15174411366999,127.08249512755708,"(37.15174411366999, 127.08249512755708)"
495,495,2008030300100132,2008년 3월 3일 10시,월요일,경기도 오산시 원동,중상사고,0,1,0,0,차대사람 - 횡단중,보행자보호의무위반,포장 - 건조,맑음,단일로 - 횡단보도상,승용,여,29세,상해없음,보행자,여,9세,중상,37.146468226135276,127.0701125032597,"(37.146468226135276, 127.0701125032597)"
496,496,2008031300100358,2008년 3월 13일 18시,목요일,경기도 오산시 갈곶동,중상사고,0,1,0,0,차대사람 - 횡단중,보행자보호의무위반,포장 - 습기,비,단일로 - 횡단보도상,승용,남,31세,상해없음,보행자,남,11세,중상,37.13073367824049,127.06782111103723,"(37.13073367824049, 127.06782111103723)"
497,497,2008031500100243,2008년 3월 15일 12시,토요일,경기도 오산시 부산동,중상사고,0,1,6,0,차대차 - 추돌 - 진행중,안전거리미확보,포장 - 건조,맑음,단일로 - 기타,승용,남,51세,상해없음,승용,남,50세,경상,37.13958225848668,127.08561562947258,"(37.13958225848668, 127.08561562947258)"
498,498,2008031800100423,2008년 3월 18일 20시,화요일,경기도 오산시 오산동,경상사고,0,0,1,0,차대사람 - 보도통행중,신호위반,포장 - 건조,맑음,단일로 - 횡단보도상,이륜,남,17세,상해없음,보행자,여,2세,경상,37.146471215200975,127.06851234261728,"(37.146471215200975, 127.06851234261728)"
499,499,2008032800100128,2008년 3월 28일 08시,금요일,경기도 오산시 부산동,경상사고,0,0,4,0,차대차 - 측면직각충돌,안전운전불이행,포장 - 건조,맑음,단일로 - 기타,화물,남,31세,상해없음,승용,여,30세,경상,37.151666504676044,127.07369404585724,"(37.151666504676044, 127.07369404585724)"
500,500,2008033000100336,2008년 3월 30일 15시,일요일,경기도 오산시 오산동,경상사고,0,0,1,0,차대사람 - 기타,안전운전불이행,포장 - 건조,흐림,단일로 - 기타,승용,기타불명,기타불명,기타불명,보행자,남,3세,경상,37.26922145456004,127.10567598951872,"(37.26922145456004, 127.10567598951872)"
501,501,2008033100100274,2008년 3월 31일 15시,월요일,경기도 오산시 누읍동,경상사고,0,0,1,0,차대사람 - 횡단중,안전운전불이행,포장 - 건조,맑음,단일로 - 횡단보도부근,승용,여,45세,기타불명,보행자,여,8세,경상,37.1415114146177,127.04739749633184,"(37.1415114146177, 127.04739749633184)"
502,502,2008041700100410,2008년 4월 17일 18시,목요일,경기도 오산시 수청동,중상사고,0,4,0,0,차대차 - 측면직각충돌,신호위반,포장 - 건조,맑음,단일로 - 기타,승용,남,44세,상해없음,화물,남,34세,중상,37.15041972424207,127.0658677980057,"(37.15041972424207, 127.0658677980057)"
503,503,2008042600100427,2008년 4월 26일 15시,토요일,경기도 오산시 궐동,경상사고,0,0,1,0,차대사람 - 횡단중,안전운전불이행,포장 - 건조,맑음,단일로 - 횡단보도상,승용,남,60세,상해없음,보행자,남,6세,경상,37.15238221599866,127.06739102252277,"(37.15238221599866, 127.06739102252277)"
504,504,2008050500100335,2008년 5월 5일 15시,월요일,경기도 오산시 원동,경상사고,0,0,4,0,차대차 - 추돌 - 진행중,안전운전불이행,포장 - 건조,맑음,교차로 - 교차로부근,승용,여,24세,기타불명,승용,남,43세,경상,37.155750318143994,127.07343817255949,"(37.155750318143994, 127.07343817255949)"
505,505,2008060600100483,2008년 6월 6일 19시,금요일,경기도 오산시 부산동,경상사고,0,0,4,0,차대차 - 추돌 - 진행중,안전거리미확보,포장 - 건조,맑음,단일로 - 기타,승용,남,23세,상해없음,승용,남,32세,경상,37.067016499338976,127.13506817332835,"(37.067016499338976, 127.13506817332835)"
506,506,2008061400100307,2008년 6월 14일 12시,토요일,경기도 오산시 부산동,중상사고,0,1,0,0,차대사람 - 횡단중,보행자보호의무위반,포장 - 건조,맑음,단일로 - 횡단보도상,승용,여,33세,상해없음,보행자,남,7세,중상,37.15588038343792,127.07446313530987,"(37.15588038343792, 127.07446313530987)"
507,507,2008061400100486,2008년 6월 14일 17시,토요일,경기도 오산시 원동,경상사고,0,0,1,0,차대차 - 측면직각충돌,안전운전불이행,포장 - 건조,맑음,단일로 - 기타,승용,남,33세,상해없음,자전거,여,9세,경상,37.14096524395289,127.08158672439768,"(37.14096524395289, 127.08158672439768)"
508,508,2008062100100593,2008년 6월 21일 21시,토요일,경기도 오산시 오산동,경상사고,0,0,3,0,차대차 - 추돌 - 주정차중,안전운전불이행,포장 - 건조,맑음,교차로 - 교차로부근,승용,기타불명,기타불명,기타불명,승용,여,41세,경상,37.1490961988316,127.07358216508014,"(37.1490961988316, 127.07358216508014)"
509,509,2008070900100607,2008년 7월 9일 23시,수요일,경기도 오산시 누읍동,경상사고,0,0,1,0,차대사람 - 횡단중,신호위반,포장 - 건조,맑음,교차로 - 교차로안,승용,남,48세,상해없음,보행자,남,7세,경상,37.147446606050075,127.06653566072563,"(37.147446606050075, 127.06653566072563)"
510,510,2008071100100481,2008년 7월 11일 18시,금요일,경기도 오산시 부산동,경상사고,0,0,1,0,차대사람 - 기타,기타,포장 - 건조,맑음,단일로 - 기타,승합,남,61세,상해없음,보행자,여,6세,경상,37.151739896615204,127.07645471455521,"(37.151739896615204, 127.07645471455521)"
511,511,2008071500100553,2008년 7월 15일 21시,화요일,경기도 오산시 원동,경상사고,0,0,1,0,차대사람 - 차도통행중,안전운전불이행,포장 - 건조,맑음,교차로 - 교차로부근,승합,기타불명,기타불명,기타불명,보행자,남,12세,경상,37.139216011893275,127.07187081851565,"(37.139216011893275, 127.07187081851565)"
512,512,2008071700100510,2008년 7월 17일 19시,목요일,경기도 오산시 부산동,경상사고,0,0,1,0,차대차 - 측면직각충돌,안전운전불이행,포장 - 건조,맑음,단일로 - 기타,승용,남,50세,상해없음,자전거,남,5세,경상,37.13670196850792,127.08456956288393,"(37.13670196850792, 127.08456956288393)"
513,513,2008071900100744,2008년 7월 19일 23시,토요일,경기도 오산시 원동,중상사고,0,2,2,0,차대차 - 측면직각충돌,안전거리미확보,포장 - 습기,비,단일로 - 기타,승용,남,43세,상해없음,승용,여,36세,중상,37.14162947742271,127.06863681298394,"(37.14162947742271, 127.06863681298394)"
514,514,2008072000100451,2008년 7월 20일 17시,일요일,경기도 오산시 궐동,경상사고,0,0,1,0,차대차 - 정면충돌,안전운전불이행,포장 - 건조,맑음,단일로 - 기타,원동기,기타불명,기타불명,기타불명,자전거,남,12세,경상,37.159876535813275,127.06530389487028,"(37.159876535813275, 127.06530389487028)"
515,515,2008072000100478,2008년 7월 20일 18시,일요일,경기도 오산시 가장동,중상사고,0,2,1,0,차대차 - 정면충돌,중앙선침범,포장 - 습기,비,단일로 - 기타,승용,남,29세,상해없음,승용,남,46세,중상,37.16372894275909,126.98333407102898,"(37.16372894275909, 126.98333407102898)"
516,516,2008072100100197,2008년 7월 21일 11시,월요일,경기도 오산시 원동,경상사고,0,0,1,0,차대사람 - 횡단중,안전운전불이행,포장 - 건조,맑음,교차로 - 교차로안,승용,여,38세,상해없음,보행자,남,12세,경상,37.155523144837815,127.07538895238302,"(37.155523144837815, 127.07538895238302)"
517,517,2008072800100205,2008년 7월 28일 12시,월요일,경기도 오산시 오산동,중상사고,0,1,0,0,차대사람 - 횡단중,안전운전불이행,포장 - 건조,맑음,단일로 - 기타,승합,남,39세,상해없음,보행자,남,11세,중상,37.15470002165939,127.06275930113155,"(37.15470002165939, 127.06275930113155)"
518,518,2008080400100458,2008년 8월 4일 19시,월요일,경기도 오산시 궐동,경상사고,0,0,1,0,차대사람 - 횡단중,안전운전불이행,포장 - 건조,맑음,교차로 - 교차로부근,승용,남,31세,상해없음,보행자,남,5세,경상,37.15689380296463,127.06109195428154,"(37.15689380296463, 127.06109195428154)"