,Unnamed: 0,사고번호,사고일시,요일,시군구,사고내용,사망자수,중상자수,경상자수,부상신고자수,사고유형,법규위반,노면상태,기상상태,도로형태,가해운전자 차종,가해운전자 성별,가해운전자 연령,가해운전자 상해정도,피해운전자 차종,피해운전자 성별,피해운전자 연령,피해운전자 상해정도,lat,lon,geometry
519,519,2008082200100179,2008년 8월 22일 09시,금요일,경기도 오산시 원동,경상사고,0,0,4,0,차대차 - 측면직각충돌,안전운전불이행,포장 - 습기,비,단일로 - 기타,승용,남,34세,상해없음,승용,남,38세,경상,37.128588788241814,127.09527538591163,"(37.128588788241814, 127.09527538591163)"
520,520,2008090900100134,2008년 9월 9일 08시,화요일,경기도 오산시 갈곶동,경상사고,0,0,1,0,차대사람 - 횡단중,안전운전불이행,포장 - 건조,맑음,교차로 - 교차로부근,승합,여,35세,상해없음,보행자,남,10세,경상,37.13361460258476,127.06900166264464,"(37.13361460258476, 127.06900166264464)"
521,521,2008091700100368,2008년 9월 17일 17시,수요일,경기도 오산시 오산동,중상사고,0,1,0,0,차대사람 - 횡단중,안전운전불이행,포장 - 건조,맑음,단일로 - 횡단보도부근,화물,남,65세,상해없음,보행자,여,3세,중상,37.152738522239225,127.06861770001328,"(37.152738522239225, 127.06861770001328)"
522,522,2008101000100182,2008년 10월 10일 10시,금요일,경기도 오산시 오산동,경상사고,0,0,3,0,차대차 - 측면직각충돌,중앙선침범,포장 - 건조,맑음,단일로 - 기타,승용,남,60세,상해없음,승용,여,32세,경상,37.1453677805651,127.06762739193543,"(37.1453677805651, 127.06762739193543)"
523,523,2008101400100395,2008년 10월 14일 17시,화요일,경기도 오산시 궐동,경상사고,0,0,1,0,차대사람 - 차도통행중,안전운전불이행,포장 - 건조,맑음,단일로 - 기타,화물,남,32세,상해없음,보행자,남,7세,경상,37.160884011933646,127.06703473752628,"(37.160884011933646, 127.06703473752628)"
524,524,2008101600100306,2008년 10월 16일 13시,목요일,경기도 오산시 오산동,중상사고,0,1,1,0,차대사람 - 횡단중,안전운전불이행,포장 - 건조,맑음,교차로 - 교차로안,승용,여,50세,상해없음,보행자,여,30세,중상,37.153658380604696,127.06864712254016,"(37.153658380604696, 127.06864712254016)"
525,525,2008102100100272,2008년 10월 21일 13시,화요일,경기도 오산시 가수동,경상사고,0,0,1,0,차대사람 - 기타,안전운전불이행,포장 - 건조,맑음,단일로 - 기타,승합,남,53세,상해없음,보행자,남,10세,경상,37.144043040598056,127.05143001163349,"(37.144043040598056, 127.05143001163349)"
526,526,2008111400100329,2008년 11월 14일 15시,금요일,경기도 오산시 궐동,경상사고,0,0,1,0,차대사람 - 기타,안전운전불이행,포장 - 건조,맑음,단일로 - 기타,승용,남,18세,상해없음,보행자,여,12세,경상,37.161866202279604,127.05744977579754,"(37.161866202279604, 127.05744977579754)"
527,527,2008112600100418,2008년 11월 26일 18시,수요일,경기도 오산시 원동,중상사고,0,1,0,0,차대사람 - 횡단중,신호위반,포장 - 건조,맑음,단일로 - 횡단보도상,승용,남,56세,상해없음,보행자,여,11세,중상,37.135679919054326,127.06910452644046,"(37.135679919054326, 127.06910452644046)"
528,528,2008121700100412,2008년 12월 17일 18시,수요일,경기도 오산시 오산동,경상사고,0,0,1,0,차대차 - 측면직각충돌,신호위반,포장 - 건조,맑음,교차로 - 교차로부근,승합,여,42세,상해없음,자전거,남,9세,경상,37.15347375265157,127.07714534825722,"(37.15347375265157, 127.07714534825722)"
529,529,2008121800100371,2008년 12월 18일 16시,목요일,경기도 오산시 오산동,중상사고,0,1,2,0,차대차 - 측면직각충돌,신호위반,포장 - 건조,맑음,교차로 - 교차로안,승용,여,38세,상해없음,화물,남,38세,경상,37.152648855576146,127.07841138360487,"(37.152648855576146, 127.07841138360487)"
530,530,2009010800100411,2009년 1월 8일 21시,목요일,경기도 오산시 궐동,경상사고,0,0,3,0,차대차 - 추돌 - 주정차중,안전운전불이행,포장 - 건조,맑음,단일로 - 기타,승용,남,41세,상해없음,승용,남,31세,경상,37.1733723284737,127.0348480448673,"(37.1733723284737, 127.0348480448673)"
531,531,2009012400100116,2009년 1월 24일 06시,토요일,경기도 오산시 오산동,중상사고,0,1,3,0,차대차 - 추돌 - 진행중,안전운전불이행,포장 - 결빙,눈,단일로 - 기타,승용,남,37세,상해없음,승용,남,41세,중상,37.15572103457685,127.07284099961656,"(37.15572103457685, 127.07284099961656)"
532,532,2009012500100134,2009년 1월 25일 08시,일요일,경기도 오산시 원동,경상사고,0,0,4,0,차대차 - 추돌 - 진행중,안전운전불이행,포장 - 결빙,맑음,단일로 - 기타,승용,남,27세,상해없음,승용,남,38세,경상,37.53085587433053,126.98933912396822,"(37.53085587433053, 126.98933912396822)"
533,533,2009013000100375,2009년 1월 30일 16시,금요일,경기도 오산시 부산동,중상사고,0,1,0,0,차대사람 - 횡단중,안전운전불이행,포장 - 건조,맑음,단일로 - 기타,승용,여,40세,상해없음,보행자,남,8세,중상,37.157768109728735,127.08017961039735,"(37.157768109728735, 127.08017961039735)"
534,534,2009020500100261,2009년 2월 5일 15시,목요일,경기도 오산시 원동,중상사고,0,1,0,0,차대사람 - 길가장자리구역통행중,안전운전불이행,포장 - 건조,맑음,단일로 - 기타,승합,남,53세,상해없음,보행자,남,10세,중상,37.14013723941699,127.0746834023738,"(37.14013723941699, 127.0746834023738)"
535,535,2009021000100448,2009년 2월 10일 19시,화요일,경기도 오산시 청학동,경상사고,0,0,3,0,차대차 - 정면충돌,신호위반,포장 - 건조,맑음,교차로 - 교차로안,승용,여,57세,상해없음,승용,여,33세,경상,37.14951031697333,127.06148850237444,"(37.14951031697333, 127.06148850237444)"
536,536,2009021300100316,2009년 2월 13일 13시,금요일,경기도 오산시 원동,중상사고,0,1,0,0,차대사람 - 횡단중,안전운전불이행,포장 - 습기,맑음,단일로 - 횡단보도부근,승용,남,48세,상해없음,보행자,남,12세,중상,37.14148614113685,127.07369678219943,"(37.14148614113685, 127.07369678219943)"
537,537,2009032800100184,2009년 3월 28일 09시,토요일,경기도 오산시 궐동,중상사고,0,1,0,0,차대사람 - 횡단중,안전운전불이행,포장 - 건조,맑음,단일로 - 기타,승용,남,40세,상해없음,보행자,남,8세,중상,37.16095108634077,127.06333760542714,"(37.16095108634077, 127.06333760542714)"
538,538,2009032900100467,2009년 3월 29일 21시,일요일,경기도 오산시 원동,경상사고,0,0,5,0,차대차 - 추돌 - 주정차중,안전운전불이행,포장 - 건조,맑음,단일로 - 기타,승용,여,37세,상해없음,승용,여,70세,경상,37.13434260224301,127.06836726395642,"(37.13434260224301, 127.06836726395642)"
539,539,2009033000100412,2009년 3월 30일 18시,월요일,경기도 오산시 누읍동,중상사고,0,1,0,0,차대사람 - 횡단중,안전운전불이행,포장 - 건조,맑음,교차로 - 교차로부근,승용,여,42세,상해없음,보행자,남,5세,중상,37.14053177332654,127.04366157830799,"(37.14053177332654, 127.04366157830799)"
540,540,2009040400100339,2009년 4월 4일 13시,토요일,경기도 오산시 가수동,경상사고,0,0,1,0,차대사람 - 횡단중,안전운전불이행,포장 - 건조,맑음,단일로 - 기타,승용,남,29세,상해없음,보행자,남,9세,경상,37.14052221823221,127.043526415713,"(37.14052221823221, 127.043526415713)"
541,541,2009041100100658,2009년 4월 11일 22시,토요일,경기도 오산시 은계동,중상사고,0,2,2,0,차대차 - 추돌 - 진행중,안전운전불이행,포장 - 건조,맑음,교차로 - 교차로부근,승용,남,29세,상해없음,승용,남,31세,중상,37.16090465282448,127.074924186165,"(37.16090465282448, 127.074924186165)"
542,542,2009041600100339,2009년 4월 16일 16시,목요일,경기도 오산시 갈곶동,중상사고,0,1,0,0,차대사람 - 횡단중,안전운전불이행,포장 - 건조,맑음,기타 - 기타,화물,남,55세,상해없음,보행자,남,5세,중상,37.132431551633694,127.07092259322451,"(37.132431551633694, 127.07092259322451)"
543,543,2009041900100244,2009년 4월 19일 13시,일요일,경기도 오산시 원동,경상사고,0,0,1,0,차대사람 - 차도통행중,안전운전불이행,포장 - 건조,맑음,단일로 - 기타,기타불명,기타불명,기타불명,기타불명,보행자,남,8세,경상,37.14569956119618,127.07434184822657,"(37.14569956119618, 127.07434184822657)"
544,544,2009042100100591,2009년 4월 21일 22시,화요일,경기도 오산시 궐동,중상사고,0,1,0,0,차대사람 - 횡단중,안전운전불이행,포장 - 건조,맑음,단일로 - 기타,화물,남,43세,상해없음,보행자,남,6세,중상,37.15699814895818,127.06008840262731,"(37.15699814895818, 127.06008840262731)"
545,545,2009042200100373,2009년 4월 22일 17시,수요일,경기도 오산시 궐동,중상사고,0,1,0,0,차대사람 - 횡단중,안전운전불이행,포장 - 건조,맑음,단일로 - 기타,승용,남,37세,상해없음,보행자,남,10세,중상,37.15999649736942,127.06840273924944,"(37.15999649736942, 127.06840273924944)"
546,546,2009042600100292,2009년 4월 26일 14시,일요일,경기도 오산시 오산동,경상사고,0,0,3,0,차대차 - 추돌 - 주정차중,안전운전불이행,포장 - 건조,맑음,교차로 - 교차로부근,화물,남,35세,상해없음,승용,남,32세,경상,37.15330509971781,127.08031291690996,"(37.15330509971781, 127.08031291690996)"
547,547,2009050400100209,2009년 5월 4일 11시,월요일,경기도 오산시 오산동,중상사고,0,1,0,0,차대사람 - 횡단중,안전운전불이행,포장 - 건조,맑음,교차로 - 교차로안,화물,남,48세,상해없음,보행자,여,3세,중상,37.13798778336287,127.036621231417,"(37.13798778336287, 127.036621231417)"
548,548,2009050500100555,2009년 5월 5일 20시,화요일,경기도 오산시 누읍동,경상사고,0,0,5,0,차대차 - 추돌 - 주정차중,안전운전불이행,포장 - 건조,맑음,교차로 - 교차로부근,승용,남,48세,상해없음,승용,여,31세,경상,37.143264203788966,127.04827883960242,"(37.143264203788966, 127.04827883960242)"
549,549,2009050700100558,2009년 5월 7일 20시,목요일,경기도 오산시 오산동,부상신고사고,0,0,0,1,차대사람 - 차도통행중,안전운전불이행,포장 - 건조,맑음,단일로 - 기타,승용,기타불명,기타불명,기타불명,보행자,남,10세,부상신고,37.14924552943056,127.07252217163608,"(37.14924552943056, 127.07252217163608)"
550,550,2009051300100352,2009년 5월 13일 15시,수요일,경기도 오산시 갈곶동,중상사고,0,1,0,0,차대사람 - 길가장자리구역통행중,안전운전불이행,포장 - 건조,맑음,단일로 - 기타,승합,여,41세,상해없음,보행자,남,4세,중상,37.133276699437474,127.07026513482752,"(37.133276699437474, 127.07026513482752)"
551,551,2009052300100346,2009년 5월 23일 14시,토요일,경기도 오산시 원동,경상사고,0,0,1,0,차대사람 - 횡단중,보행자보호의무위반,포장 - 건조,흐림,단일로 - 횡단보도상,원동기,남,16세,상해없음,보행자,여,7세,경상,37.1463942486206,127.07444000964256,"(37.1463942486206, 127.07444000964256)"
552,552,2009052800100606,2009년 5월 28일 23시,목요일,경기도 오산시 원동,경상사고,0,0,6,1,차대차 - 측면직각충돌,신호위반,포장 - 건조,맑음,단일로 - 기타,승용,남,52세,상해없음,승용,남,36세,경상,37.13697597537641,127.07813469959129,"(37.13697597537641, 127.07813469959129)"
553,553,2009060200100416,2009년 6월 2일 17시,화요일,경기도 오산시 갈곶동,경상사고,0,0,1,0,차대차 - 측면직각충돌,안전운전불이행,포장 - 건조,맑음,단일로 - 횡단보도상,원동기,남,69세,상해없음,자전거,여,10세,경상,37.13136661053821,127.06828001885195,"(37.13136661053821, 127.06828001885195)"
554,554,2009061200100433,2009년 6월 12일 16시,금요일,경기도 오산시 부산동,중상사고,0,1,0,0,차대사람 - 횡단중,안전운전불이행,포장 - 건조,맑음,단일로 - 기타,원동기,남,37세,상해없음,보행자,남,7세,중상,37.15490880183373,127.07994487813795,"(37.15490880183373, 127.07994487813795)"
555,555,2009061300100664,2009년 6월 13일 21시,토요일,경기도 오산시 원동,중상사고,0,2,3,0,차대차 - 추돌 - 주정차중,안전운전불이행,포장 - 건조,맑음,단일로 - 기타,화물,남,41세,상해없음,승용,남,30세,중상,37.13373598711567,127.07251631232906,"(37.13373598711567, 127.07251631232906)"
556,556,2009061600100148,2009년 6월 16일 08시,화요일,경기도 오산시 내삼미동,경상사고,0,0,4,0,차대차 - 측면직각충돌,안전운전불이행,포장 - 건조,맑음,단일로 - 기타,승용,남,39세,상해없음,승합,여,35세,경상,37.17861226616836,127.05548456841845,"(37.17861226616836, 127.05548456841845)"
557,557,2009061600100597,2009년 6월 16일 22시,화요일,경기도 오산시 원동,경상사고,0,0,3,0,차대차 - 추돌 - 진행중,안전운전불이행,포장 - 건조,맑음,교차로 - 교차로부근,승용,남,46세,상해없음,승용,남,28세,경상,37.14257673718032,127.07356771514326,"(37.14257673718032, 127.07356771514326)"
558,558,2009061800100343,2009년 6월 18일 15시,목요일,경기도 오산시 원동,중상사고,0,1,0,0,차대사람 - 횡단중,신호위반,포장 - 건조,맑음,단일로 - 횡단보도상,승용,남,61세,상해없음,보행자,여,4세,중상,37.14678888939521,127.07629749638069,"(37.14678888939521, 127.07629749638069)"
559,559,2009062600100299,2009년 6월 26일 13시,금요일,경기도 오산시 오산동,경상사고,0,0,1,0,차대사람 - 차도통행중,안전운전불이행,포장 - 건조,맑음,단일로 - 기타,자전거,기타불명,기타불명,기타불명,보행자,남,6세,경상,37.147673408040795,127.07168442037225,"(37.147673408040795, 127.07168442037225)"
560,560,2009062800100216,2009년 6월 28일 12시,일요일,경기도 오산시 양산동,중상사고,0,1,0,0,차대사람 - 보도통행중,보행자보호의무위반,포장 - 건조,맑음,교차로 - 교차로안,승용,남,39세,상해없음,보행자,남,4세,중상,37.193716631440346,127.02875418278818,"(37.193716631440346, 127.02875418278818)"
561,561,2009072100100426,2009년 7월 21일 16시,화요일,경기도 오산시 오산동,경상사고,0,0,2,0,차대차 - 측면직각충돌,안전운전불이행,포장 - 건조,맑음,단일로 - 기타,승용,남,50세,상해없음,승용,여,35세,경상,37.15279190072442,127.06842586288252,"(37.15279190072442, 127.06842586288252)"
562,562,2009072100100530,2009년 7월 21일 19시,화요일,경기도 오산시 원동,중상사고,0,1,0,0,차대사람 - 기타,안전운전불이행,포장 - 건조,맑음,기타 - 기타,승용,여,34세,상해없음,보행자,남,5세,중상,37.14687000821277,127.07386307584022,"(37.14687000821277, 127.07386307584022)"
563,563,2009072200100253,2009년 7월 22일 12시,수요일,경기도 오산시 오산동,경상사고,0,0,1,0,차대사람 - 횡단중,신호위반,포장 - 건조,맑음,단일로 - 횡단보도상,승용,여,45세,상해없음,보행자,남,9세,경상,37.14981425654785,127.0678991462092,"(37.14981425654785, 127.0678991462092)"
564,564,2009072300100158,2009년 7월 23일 09시,목요일,경기도 오산시 원동,중상사고,0,2,0,0,차대사람 - 횡단중,안전운전불이행,포장 - 건조,맑음,단일로 - 기타,승용,남,29세,상해없음,보행자,여,11세,중상,37.14153965480767,127.07353878015014,"(37.14153965480767, 127.07353878015014)"
565,565,2009072600100380,2009년 7월 26일 18시,일요일,경기도 오산시 원동,중상사고,0,1,4,0,차대차 - 추돌 - 진행중,안전운전불이행,포장 - 건조,맑음,교차로 - 교차로안,승용,남,48세,상해없음,승용,남,29세,중상,37.14271957993474,127.07318392918728,"(37.14271957993474, 127.07318392918728)"
566,566,2009072900100264,2009년 7월 29일 11시,수요일,경기도 오산시 원동,중상사고,0,1,0,0,차대사람 - 횡단중,안전운전불이행,포장 - 건조,맑음,단일로 - 횡단보도상,승용,남,37세,상해없음,보행자,여,8세,중상,37.13605494499536,127.08270215517307,"(37.13605494499536, 127.08270215517307)"
567,567,2009073100100189,2009년 7월 31일 10시,금요일,경기도 오산시 궐동,중상사고,0,1,0,0,차대사람 - 횡단중,안전운전불이행,포장 - 건조,맑음,단일로 - 기타,승용,남,52세,상해없음,보행자,남,5세,중상,37.15934800357679,127.05915274310713,"(37.15934800357679, 127.05915274310713)"
568,568,2009080100100216,2009년 8월 1일 10시,토요일,경기도 오산시 오산동,경상사고,0,0,4,0,차대차 - 측면직각충돌,신호위반,포장 - 건조,맑음,교차로 - 교차로안,기타불명,기타불명,기타불명,기타불명,승용,남,32세,경상,37.14891502809379,127.06855704153205,"(37.14891502809379, 127.06855704153205)"
569,569,2009081000100252,2009년 8월 10일 12시,월요일,경기도 오산시 오산동,경상사고,0,0,6,1,차대차 - 추돌 - 주정차중,안전거리미확보,포장 - 건조,맑음,단일로 - 기타,화물,남,44세,기타불명,화물,남,56세,경상,37.14927255739634,127.06534366305416,"(37.14927255739634, 127.06534366305416)"
570,570,2009090200100427,2009년 9월 2일 17시,수요일,경기도 오산시 오산동,경상사고,0,0,1,0,차대차 - 기타,안전운전불이행,포장 - 건조,맑음,단일로 - 기타,자전거,여,12세,경상,승용,여,54세,상해없음,37.14966062772946,127.07502196086521,"(37.14966062772946, 127.07502196086521)"
571,571,2009091300100131,2009년 9월 13일 07시,일요일,경기도 오산시 고현동,중상사고,0,3,3,0,차대차 - 측면직각충돌,신호위반,포장 - 건조,맑음,단일로 - 기타,승용,남,28세,상해없음,승용,남,35세,경상,37.135891389643604,127.07259631236298,"(37.135891389643604, 127.07259631236298)"
572,572,2009091800100209,2009년 9월 18일 09시,금요일,경기도 오산시 누읍동,중상사고,0,1,2,0,차대차 - 측면직각충돌,교차로운행방법위반,포장 - 건조,맑음,교차로 - 교차로안,특수,남,40세,경상,승용,여,33세,중상,37.135416167079114,127.08557817517244,"(37.135416167079114, 127.08557817517244)"
573,573,2009092000100168,2009년 9월 20일 08시,일요일,경기도 오산시 부산동,중상사고,0,1,1,0,차대차 - 측면직각충돌,교차로운행방법위반,포장 - 건조,맑음,교차로 - 교차로안,승용,남,30세,상해없음,승용,남,31세,중상,37.158854770220366,127.08637338596596,"(37.158854770220366, 127.08637338596596)"
574,574,2009092400100264,2009년 9월 24일 12시,목요일,경기도 오산시 가수동,중상사고,0,1,0,0,차대사람 - 횡단중,안전운전불이행,포장 - 건조,맑음,단일로 - 기타,승용,여,52세,상해없음,보행자,남,9세,중상,37.14496157232811,127.05112118524359,"(37.14496157232811, 127.05112118524359)"
575,575,2009092400100356,2009년 9월 24일 15시,목요일,경기도 오산시 수청동,경상사고,0,0,1,0,차대사람 - 기타,안전운전불이행,포장 - 건조,맑음,단일로 - 기타,승용,여,37세,상해없음,보행자,남,2세,경상,37.17950434782757,127.05302252575152,"(37.17950434782757, 127.05302252575152)"
576,576,2009100100100559,2009년 10월 1일 17시,목요일,경기도 오산시 은계동,경상사고,0,0,1,0,차대사람 - 차도통행중,안전운전불이행,포장 - 건조,맑음,단일로 - 기타,기타불명,기타불명,기타불명,기타불명,보행자,남,12세,경상,37.16088544256513,127.07460869494741,"(37.16088544256513, 127.07460869494741)"
577,577,2009101400100343,2009년 10월 14일 14시,수요일,경기도 오산시 수청동,경상사고,0,0,1,0,차대사람 - 보도통행중,보행자보호의무위반,포장 - 건조,맑음,교차로 - 교차로안,승용,여,25세,상해없음,보행자,여,8세,경상,37.17325507669518,127.05986234494878,"(37.17325507669518, 127.05986234494878)"
578,578,2009101700100598,2009년 10월 17일 17시,토요일,경기도 오산시 수청동,중상사고,0,1,0,0,차대사람 - 횡단중,보행자보호의무위반,포장 - 건조,맑음,단일로 - 횡단보도상,승용,남,39세,상해없음,보행자,여,7세,중상,37.16313070098393,127.06979665181422,"(37.16313070098393, 127.06979665181422)"
579,579,2009102100100188,2009년 10월 21일 09시,수요일,경기도 오산시 고현동,경상사고,0,0,3,0,차대차 - 측면직각충돌,신호위반,포장 - 건조,맑음,교차로 - 교차로안,화물,남,49세,상해없음,승용,여,30세,경상,37.13302182169151,127.08925070580959,"(37.13302182169151, 127.08925070580959)"
580,580,2009102300100423,2009년 10월 23일 16시,금요일,경기도 오산시 원동,경상사고,0,0,1,0,차대사람 - 횡단중,신호위반,포장 - 건조,맑음,교차로 - 교차로안,승용,여,30세,상해없음,보행자,남,4세,경상,37.140220170875075,127.07033367405954,"(37.140220170875075, 127.07033367405954)"
581,581,2009102900100331,2009년 10월 29일 15시,목요일,경기도 오산시 갈곶동,경상사고,0,0,1,0,차대차 - 측면직각충돌,안전운전불이행,포장 - 건조,맑음,교차로 - 교차로부근,승용,남,36세,상해없음,자전거,남,12세,경상,37.13225782000536,127.07028122135462,"(37.13225782000536, 127.07028122135462)"
582,582,2009110200100297,2009년 11월 2일 13시,월요일,경기도 오산시 오산동,경상사고,0,0,1,0,차대사람 - 기타,안전운전불이행,포장 - 건조,맑음,기타 - 기타,승용,남,50세,상해없음,보행자,남,10세,경상,37.152239736014856,127.06786502301873,"(37.152239736014856, 127.06786502301873)"
583,583,2009112700100371,2009년 11월 27일 16시,금요일,경기도 오산시 원동,경상사고,0,0,4,0,차대차 - 추돌 - 진행중,신호위반,포장 - 건조,맑음,교차로 - 교차로안,승용,남,28세,상해없음,승용,남,36세,경상,37.14636245303153,127.07802358875944,"(37.14636245303153, 127.07802358875944)"
584,584,2009112900100424,2009년 11월 29일 17시,일요일,경기도 오산시 고현동,경상사고,0,0,2,0,차량단독 - 공작물충돌,안전운전불이행,포장 - 습기,비,단일로 - 기타,승용,여,28세,상해없음,,,,,37.13148136885147,127.08716203875272,"(37.13148136885147, 127.08716203875272)"
585,585,2009121300100439,2009년 12월 13일 19시,일요일,경기도 오산시 부산동,경상사고,0,0,9,0,차대차 - 추돌 - 진행중,안전운전불이행,포장 - 건조,맑음,교차로 - 교차로부근,승용,남,50세,상해없음,승용,남,28세,경상,37.19392417253577,127.06038103831881,"(37.19392417253577, 127.06038103831881)"
586,586,2010011300100099,2010년 1월 13일 06시,수요일,경기도 오산시 내삼미동,경상사고,0,0,3,0,차대차 - 측면직각충돌,안전운전불이행,포장 - 건조,흐림,교차로 - 교차로안,화물,남,55세,상해없음,승용,남,40세,경상,37.19019403715736,127.05187539634626,"(37.19019403715736, 127.05187539634626)"
587,587,2010021400100203,2010년 2월 14일 14시,일요일,경기도 오산시 오산동,경상사고,0,0,3,0,차대차 - 측면직각충돌,교차로운행방법위반,포장 - 건조,맑음,교차로 - 교차로안,승합,여,43세,기타불명,승용,남,30세,경상,37.15110393000897,127.07034969913605,"(37.15110393000897, 127.07034969913605)"
588,588,2010021700100239,2010년 2월 17일 15시,수요일,경기도 오산시 은계동,경상사고,0,0,1,0,차대사람 - 기타,안전운전불이행,포장 - 건조,맑음,단일로 - 기타,승용,남,35세,상해없음,보행자,남,7세,경상,37.16086126229383,127.07296327244318,"(37.16086126229383, 127.07296327244318)"
589,589,2010022600100336,2010년 2월 26일 14시,금요일,경기도 오산시 세교동,중상사고,0,3,0,0,차대차 - 측면직각충돌,교차로운행방법위반,포장 - 건조,맑음,교차로 - 교차로안,화물,남,52세,기타불명,승용,여,42세,중상,37.184791554616204,127.0447208179054,"(37.184791554616204, 127.0447208179054)"
590,590,2010030200100250,2010년 3월 2일 14시,화요일,경기도 오산시 궐동,중상사고,0,1,0,0,차대사람 - 횡단중,보행자보호의무위반,포장 - 건조,맑음,단일로 - 횡단보도상,승용,여,33세,상해없음,보행자,남,8세,중상,37.157211204526135,127.06628596997908,"(37.157211204526135, 127.06628596997908)"
591,591,2010030900100376,2010년 3월 9일 18시,화요일,경기도 오산시 오산동,경상사고,0,0,2,0,차대차 - 정면충돌,신호위반,포장 - 습기,비,교차로 - 교차로안,승용,남,47세,상해없음,승용,여,36세,경상,37.148793107699156,127.07451891659694,"(37.148793107699156, 127.07451891659694)"
592,592,2010031200100462,2010년 3월 12일 21시,금요일,경기도 오산시 원동,중상사고,0,1,0,0,차대사람 - 횡단중,안전운전불이행,포장 - 건조,맑음,단일로 - 기타,승용,남,39세,상해없음,보행자,남,12세,중상,37.1471428698787,127.07449284491574,"(37.1471428698787, 127.07449284491574)"
593,593,2010031300100012,2010년 3월 13일 00시,토요일,경기도 오산시 원동,경상사고,0,0,4,0,차대차 - 추돌 - 주정차중,안전운전불이행,포장 - 건조,맑음,단일로 - 기타,승용,여,40세,상해없음,승용,남,41세,경상,37.14129594334514,127.07347231685634,"(37.14129594334514, 127.07347231685634)"
594,594,2010032800100378,2010년 3월 28일 18시,일요일,경기도 오산시 원동,중상사고,0,1,0,0,차대사람 - 횡단중,안전운전불이행,포장 - 건조,맑음,단일로 - 횡단보도상,승용,남,32세,상해없음,보행자,남,4세,중상,37.14118765582296,127.07345028937858,"(37.14118765582296, 127.07345028937858)"
595,595,2010032800100379,2010년 3월 28일 18시,일요일,경기도 오산시 원동,중상사고,0,1,0,0,차대사람 - 횡단중,안전운전불이행,포장 - 건조,맑음,단일로 - 횡단보도상,승용,남,32세,상해없음,보행자,남,4세,중상,37.14127782599387,127.07344986611878,"(37.14127782599387, 127.07344986611878)"
596,596,2010040100100529,2010년 4월 1일 21시,목요일,경기도 오산시 원동,중상사고,0,1,0,0,차대사람 - 횡단중,안전운전불이행,포장 - 건조,맑음,단일로 - 기타,승용,남,34세,상해없음,보행자,여,5세,중상,37.136190339228705,127.07296672210592,"(37.136190339228705, 127.07296672210592)"
597,597,2010040400100433,2010년 4월 4일 20시,일요일,경기도 오산시,경상사고,0,0,2,0,차대차 - 추돌 - 진행중,안전운전불이행,포장 - 건조,맑음,기타 - 기타,승용,남,46세,상해없음,승용,남,27세,경상,37.15149663321144,127.06688813727932,"(37.15149663321144, 127.06688813727932)"
598,598,2010041100100244,2010년 4월 11일 14시,일요일,경기도 오산시 오산동,경상사고,0,0,1,0,차대사람 - 기타,안전운전불이행,포장 - 건조,맑음,단일로 - 기타,승용,남,36세,상해없음,보행자,여,11세,경상,37.145927248918134,127.070126337038,"(37.145927248918134, 127.070126337038)"
599,599,2010041700100254,2010년 4월 17일 12시,토요일,경기도 오산시 갈곶동,중상사고,0,1,0,0,차대사람 - 횡단중,교차로운행방법위반,포장 - 건조,맑음,교차로 - 교차로안,이륜,남,48세,상해없음,보행자,남,8세,중상,37.13099958694775,127.0689915432074,"(37.13099958694775, 127.0689915432074)"
600,600,2010050100100269,2010년 5월 1일 12시,토요일,경기도 오산시 원동,경상사고,0,0,10,0,차대차 - 추돌 - 주정차중,안전거리미확보,포장 - 건조,맑음,교차로 - 교차로부근,승용,여,24세,상해없음,승용,여,49세,경상,37.135794950846254,127.07819650309315,"(37.135794950846254, 127.07819650309315)"
601,601,2010050700100041,2010년 5월 7일 02시,금요일,경기도 오산시 원동,경상사고,0,0,3,0,차대차 - 추돌 - 진행중,신호위반,포장 - 건조,맑음,교차로 - 교차로안,승용,여,28세,상해없음,승용,남,31세,경상,37.14888972745687,127.07625389334129,"(37.14888972745687, 127.07625389334129)"
602,602,2010051000100321,2010년 5월 10일 15시,월요일,경기도 오산시 원동,중상사고,0,2,0,0,차대사람 - 보도통행중,신호위반,포장 - 건조,맑음,교차로 - 교차로안,화물,남,56세,상해없음,보행자,여,30세,중상,37.13696733175953,127.07823614501892,"(37.13696733175953, 127.07823614501892)"
603,603,2010051000100379,2010년 5월 10일 17시,월요일,경기도 오산시 갈곶동,경상사고,0,0,1,0,차대사람 - 기타,안전운전불이행,포장 - 건조,맑음,단일로 - 기타,승합,남,46세,상해없음,보행자,남,9세,경상,37.12799327283181,127.05390956721143,"(37.12799327283181, 127.05390956721143)"
604,604,2010051600100224,2010년 5월 16일 12시,일요일,경기도 오산시 수청동,경상사고,0,0,4,0,차대차 - 추돌 - 진행중,안전운전불이행,포장 - 건조,맑음,단일로 - 기타,승용,남,34세,상해없음,승용,남,33세,경상,37.173237042315435,127.05986243275343,"(37.173237042315435, 127.05986243275343)"